s_6_1_3;1,0
s_9_1_3;1,0
s_14_1_3;1,0
s_17_1_3;1,0
s_18_1_3;1,0
s_24_1_3;1,0
s_33_1_3;1,0
s_35_1_3;1,0
s_48_1_3;1,0
s_57_1_3;1,0
s_61_1_3;1,0
s_67_1_3;1,0
s_80_1_3;1,0
s_82_1_3;1,0
s_95_1_3;1,0
s_113_1_3;1,0
s_115_1_3;1,0
s_127_1_3;1,0
s_129_1_3;1,0
s_149_1_3;1,0
s_153_1_3;1,0
s_161_1_3;1,0
s_164_1_3;1,0
s_167_1_3;1,0
s_171_1_3;1,0
s_176_1_3;1,0
s_180_1_3;1,0
s_187_1_3;1,0
s_192_1_3;1,0
s_197_1_3;1,0
s_212_1_3;1,0
s_213_1_3;1,0
s_216_1_3;1,0
s_227_1_3;1,0
s_231_1_3;1,0
s_233_1_3;1,0
s_235_1_3;1,0
s_251_1_3;1,0
s_262_1_3;1,0
s_265_1_3;1,0
s_269_1_3;1,0
s_272_1_3;1,0
s_276_1_3;1,0
s_286_1_3;1,0
a_120_63_3;0,9999999999999994
n_120_63_3;0,9999999999999994
c_1_1_64;73,0
s_7_64_3;1,0
s_8_64_3;1,0
s_23_64_3;1,0
s_29_64_3;1,0
s_34_64_3;1,0
s_42_64_3;1,0
s_43_64_3;1,0
s_52_64_3;1,0
s_58_64_3;1,0
s_63_64_3;1,0
s_72_64_3;1,0
s_89_64_3;1,0
s_90_64_3;1,0
s_103_64_3;1,0
s_105_64_3;1,0
s_106_64_3;1,0
s_108_64_3;1,0
s_114_64_3;1,0
s_116_64_3;1,0
s_122_64_3;1,0
a_125_64_3;1,0
n_125_64_3;1,0
a_126_64_3;1,0
n_126_64_3;1,0
s_130_64_3;1,0
s_133_64_3;1,0
s_134_64_3;1,0
s_136_64_3;1,0
s_148_64_3;1,0
s_184_64_3;1,0
s_214_64_3;1,0
s_217_64_3;1,0
s_221_64_3;1,0
a_238_64_3;0,9999999999999996
n_238_64_3;0,9999999999999996
s_249_64_3;1,0
s_253_64_3;1,0
s_255_64_3;1,0
s_263_64_3;1,0
s_268_64_3;1,0
s_274_64_3;1,0
s_278_64_3;1,0
s_281_64_3;1,0
s_31_65_3;1,0
a_60_65_3;0,14922255051183336
n_60_65_3;0,14922255051183297
s_111_65_3;1,0
s_191_65_3;1,0
s_208_65_3;1,0
s_209_65_3;1,0
a_284_65_3;0,2801031625232539
n_284_65_3;0,2801031625232536
f_8_66;72,49999999999996
x_8_1_66;72,49999999999996
c_8_1_66;4,0
s_21_66_3;1,0
s_74_66_3;1,0
s_77_66_3;1,0
v_120_66_3;0,9999999999999994
s_120_66_3;1,0
s_155_66_3;1,0
s_159_66_3;1,0
s_175_66_3;1,0
s_183_66_3;1,0
s_196_66_3;1,0
f_6_67;128,74999999999997
x_6_1_67;128,74999999999997
c_6_1_67;7,0
c_7_1_67;9,0
f_8_67;46,25
wC_8_67;2,7755575615628914e-17
x_8_1_67;46,25
c_8_1_67;3,0
z_8_1_67_1;1,0
y_8_1_67_1;15,424999999999974
z_8_1_67_12;1,0
y_8_1_67_12;12,5
z_8_1_67_14;1,0
y_8_1_67_14;25,0
s_20_67_3;1,0
s_27_67_3;1,0
s_99_67_3;1,0
v_125_67_3;1,0
s_125_67_3;1,0
v_126_67_3;1,0
s_126_67_3;1,0
a_178_67_3;0,20921924607873021
n_178_67_3;0,20921924607873021
s_186_67_3;1,0
v_238_67_3;0,9999999999999996
s_238_67_3;1,0
s_256_67_3;1,0
s_270_67_3;1,0
a_275_67_3;0,13430029546065012
n_275_67_3;0,1343002954606501
f_6_68;33,61237950279047
x_6_1_68;33,61237950279047
c_6_1_68;2,0
z_6_1_68_5;1,0
y_6_1_68_5;25,0
z_6_1_68_11;1,0
y_6_1_68_11;18,987499999999983
z_6_1_68_13;1,0
y_6_1_68_13;25,0
z_6_1_68_51;1,0
y_6_1_68_51;25,0
f_7_68;25,36783358701167
x_7_1_68;25,36783358701167
c_7_1_68;2,0
z_8_1_68_9;1,0
y_8_1_68_9;21,262499999999996
z_8_1_68_10;1,0
y_8_1_68_10;12,5
s_47_68_3;1,0
s_54_68_3;1,0
s_56_68_3;1,0
v_60_68_3;0,14922255051183336
s_60_68_3;1,0
s_66_68_3;1,0
s_173_68_3;1,0
v_284_68_3;0,2801031625232539
s_284_68_3;1,0
z_6_1_69_4;1,0
y_6_1_69_4;24,53703703703704
z_7_1_69_3;1,0
y_7_1_69_3;18,51851851851852
s_44_69_3;1,0
s_104_69_3;1,0
s_154_69_3;1,0
c_1_1_70;87,0
f_3_70;25,36783358704604
x_3_1_70;25,36783358704604
c_3_1_70;2,0
f_6_70;17,12328767123289
x_6_1_70;17,12328767123289
c_6_1_70;2,0
s_30_70_3;1,0
s_165_70_3;1,0
v_178_70_3;0,20921924607873021
s_178_70_3;1,0
s_224_70_3;1,0
s_242_70_3;1,0
s_250_70_3;1,0
a_260_70_3;0,1861859345835719
n_260_70_3;0,18618593458357147
v_275_70_3;0,13430029546065012
s_275_70_3;1,0
z_3_1_71_33;1,0
y_3_1_71_33;18,51851851854361
z_6_1_71_8;1,0
y_6_1_71_8;12,50000000000001
a_91_71_3;0,898270828654971
n_91_71_3;0,898270828654971
s_152_72_3;1,0
f_5_73;25,367833587011674
x_5_1_73;25,367833587011674
c_5_1_73;2,0
s_188_73_3;1,0
s_194_73_3;1,0
s_200_73_3;1,0
s_206_73_3;1,0
s_237_73_3;1,0
s_258_73_3;1,0
v_260_73_3;0,1861859345835719
s_260_73_3;1,0
s_283_73_3;1,0
f_1_74;136,98630136988308
x_1_1_74;136,98630136988308
c_1_1_74;7,0
z_5_1_74_49;1,0
y_5_1_74_49;18,518518518518523
v_91_74_3;0,898270828654971
s_91_74_3;1,0
s_109_74_3;1,0
s_140_74_3;1,0
a_257_74_3;0,9366584709051841
n_257_74_3;0,9366584709051841
z_1_1_75_17;1,0
y_1_1_75_17;25,0
z_1_1_75_19;1,0
y_1_1_75_19;25,0
z_1_1_75_47;1,0
y_1_1_75_47;25,0
z_1_1_75_48;1,0
y_1_1_75_48;25,0
beta_8_1_75_8_1;15,424999999999997
beta_8_1_75_8_12;12,5
beta_8_1_75_8_14;25,0
a_87_75_3;0,1956947162428315
n_87_75_3;0,1956947162428315
a_100_75_3;0,9447331128956069
n_100_75_3;0,9447331128956069
I_6_1_76_5;25,0
beta_6_1_76_6_11;18,987499999999983
I_6_1_76_13;25,0
I_6_1_76_51;25,0
beta_8_1_76_8_9;21,262499999999996
I_8_1_76_10;12,5
a_39_76_3;0,6371455877668047
n_39_76_3;0,6371455877668047
s_55_76_3;1,0
s_76_76_3;1,0
a_177_76_3;0,6149777839275556
n_177_76_3;0,6149777839275556
c_1_1_77;5,0
f_6_77;136,98630136988317
x_6_1_77;136,98630136988317
c_6_1_77;7,0
I_6_1_77_4;24,53703703703704
I_6_1_77_5;25,0
I_6_1_77_13;25,0
I_6_1_77_51;25,0
I_7_1_77_3;18,518518518518498
wE_7_1_77_3;2,1316282072803006e-14
I_8_1_77_10;12,5
a_19_77_3;0,16634644975089619
n_19_77_3;0,16634644975089619
v_257_77_3;0,9366584709051841
s_257_77_3;1,0
f_1_78;102,73972602739727
x_1_1_78;102,73972602739727
c_1_1_78;9,0
I_6_1_78_4;24,53703703703704
I_6_1_78_5;25,0
z_6_1_78_6;1,0
y_6_1_78_6;25,0
I_6_1_78_13;25,0
z_6_1_78_42;1,0
y_6_1_78_42;25,0
z_6_1_78_43;1,0
y_6_1_78_43;25,0
z_6_1_78_44;1,0
y_6_1_78_44;25,0
I_6_1_78_51;25,0
I_7_1_78_3;18,518518518518523
f_8_78;34,24657534246575
wC_8_78;1,0261236305098009e-13
x_8_1_78;34,24657534246575
c_8_1_78;2,0
I_8_1_78_10;12,5
v_87_78_3;0,1956947162428315
s_87_78_3;1,0
v_100_78_3;0,9447331128956069
s_100_78_3;1,0
s_145_78_3;1,0
a_150_78_3;0,1999800019998
n_150_78_3;0,1999800019998
s_201_78_3;1,0
s_203_78_3;1,0
a_243_78_3;1,0
n_243_78_3;1,0
a_266_78_3;0,0280725448581902
n_266_78_3;0,0280725448581902
s_273_78_3;1,0
a_288_78_3;0,49813200498132004
n_288_78_3;0,49813200498132004
z_1_1_79_7;1,0
y_1_1_79_7;25,0
z_1_1_79_12;1,0
y_1_1_79_12;25,0
z_1_1_79_41;1,0
y_1_1_79_41;25,0
f_3_79;25,36783358701167
x_3_1_79;25,36783358701167
c_3_1_79;3,0
I_3_1_79_33;18,51851851854361
f_6_79;34,24657534246575
wC_6_79;1,3877787807814457e-17
x_6_1_79;34,24657534246575
c_6_1_79;2,0
I_6_1_79_4;24,53703703703704
I_6_1_79_5;25,0
I_6_1_79_8;12,50000000000001
I_6_1_79_13;25,0
I_6_1_79_51;25,0
c_7_1_79;2,0
I_7_1_79_3;18,51851851851854
beta_8_1_79_8_10;12,5
z_8_1_79_36;1,0
y_8_1_79_36;25,0
s_25_79_3;1,0
v_39_79_3;0,6371455877668047
s_39_79_3;1,0
v_177_79_3;0,6149777839275556
s_177_79_3;1,0
c_1_1_80;16,0
c_3_1_80;2,0
I_3_1_80_33;18,51851851854361
z_3_1_80_51;1,0
y_3_1_80_51;18,51851851851852
f_5_80;25,36783358701167
x_5_1_80;25,36783358701167
c_5_1_80;2,0
I_6_1_80_4;24,53703703703704
beta_6_1_80_6_5;25,0
I_6_1_80_8;12,500000000012546
beta_6_1_80_6_13;25,0
z_6_1_80_33;1,0
y_6_1_80_33;25,0
beta_6_1_80_6_51;25,0
I_7_1_80_3;18,518518518518558
v_19_80_3;0,16634644975089619
s_19_80_3;1,0
s_28_80_3;1,0
s_36_80_3;1,0
s_53_80_3;1,0
a_71_80_3;0,2107481559536354
n_71_80_3;0,2107481559536354
s_78_80_3;1,0
s_85_80_3;1,0
s_88_80_3;1,0
s_131_80_3;1,0
s_139_80_3;1,0
a_141_80_3;0,9872886585215352
n_141_80_3;0,9872886585215352
s_204_80_3;1,0
a_219_80_3;1,0
n_219_80_3;1,0
a_245_80_3;1,0
n_245_80_3;1,0
s_259_80_3;1,0
a_261_80_3;0,01696020874103056
n_261_80_3;0,01696020874103056
f_1_81;171,23287671232876
wC_1_81;3,469446951953614e-17
x_1_1_81;171,23287671232876
c_1_1_81;11,0
I_3_1_81_33;18,51851851854361
z_5_1_81_11;1,0
y_5_1_81_11;18,51851851851852
I_6_1_81_4;24,53703703703704
I_6_1_81_8;12,500000000012546
f_7_81;34,24657534246575
x_7_1_81;34,24657534246575
c_7_1_81;5,0
I_7_1_81_3;18,518518518518576
f_8_81;34,24657534246575
x_8_1_81;34,24657534246575
c_8_1_81;2,0
s_10_81_3;1,0
s_40_81_3;1,0
a_45_81_3;0,8239777526006797
n_45_81_3;0,8239777526006797
s_98_81_3;1,0
a_112_81_3;0,2767400027674
n_112_81_3;0,2767400027674
s_119_81_3;1,0
a_146_81_3;0,18637592023110613
n_146_81_3;0,18637592023110613
v_150_81_3;0,1999800019998
s_150_81_3;1,0
s_169_81_3;1,0
s_174_81_3;1,0
s_229_81_3;1,0
s_240_81_3;1,0
v_243_81_3;1,0
s_243_81_3;1,0
v_266_81_3;0,0280725448581902
s_266_81_3;1,0
v_288_81_3;0,49813200498132004
s_288_81_3;1,0
z_1_1_82_21;1,0
y_1_1_82_21;25,0
z_1_1_82_25;1,0
y_1_1_82_25;25,0
z_1_1_82_31;1,0
y_1_1_82_31;25,0
z_1_1_82_35;1,0
y_1_1_82_35;25,0
z_1_1_82_39;1,0
y_1_1_82_39;25,0
I_3_1_82_33;18,51851851854361
I_5_1_82_49;18,518518518480825
beta_5_1_82_5_49;3,7699621202591516e-11
I_6_1_82_4;24,53703703703704
I_6_1_82_8;12,500000000012546
I_7_1_82_3;18,518518518518594
z_7_1_82_26;1,0
y_7_1_82_26;25,0
z_8_1_82_16;1,0
y_8_1_82_16;25,0
s_156_82_3;1,0
s_163_82_3;1,0
s_179_82_3;1,0
s_181_82_3;1,0
s_220_82_3;1,0
a_254_82_3;0,6226650062266501
n_254_82_3;0,6226650062266498
f_1_83;136,986301369863
x_1_1_83;136,986301369863
c_1_1_83;18,0
beta_1_1_83_14_17;25,000000000000014
I_1_1_83_19;7,407407407407414
beta_1_1_83_14_19;17,59259259259261
beta_1_1_83_14_47;25,000000000000014
beta_1_1_83_14_48;25,000000000000014
beta_3_1_83_13_33;2,5085711286010337e-11
beta_3_1_83_14_33;18,518518518518523
f_5_83;34,24657534246575
x_5_1_83;34,24657534246575
c_5_1_83;2,0
wE_5_1_83_49;3,552713678800501e-15
beta_5_1_83_13_49;1,2542855643005169e-11
beta_5_1_83_14_49;18,51851851846828
beta_6_1_83_14_4;24,53703703703704
beta_6_1_83_14_8;12,500000000012546
beta_6_1_83_13_45;1,2542855643005169e-11
wE_7_1_83_3;7,105427357601002e-14
beta_7_1_83_14_3;18,518518518518523
f_8_83;239,72602739726028
x_8_1_83;239,72602739726028
c_8_1_83;12,0
s_15_83_3;1,0
v_71_83_3;0,2107481559536354
s_71_83_3;1,0
v_141_83_3;0,9872886585215352
s_141_83_3;1,0
v_219_83_3;1,0
s_219_83_3;1,0
s_244_83_3;1,0
v_245_83_3;1,0
s_245_83_3;1,0
v_261_83_3;0,01696020874103056
s_261_83_3;1,0
s_287_83_3;1,0
c_1_1_84;22,0
z_1_1_84_4;1,0
y_1_1_84_4;25,0
z_1_1_84_19;1,0
y_1_1_84_19;25,0
I_1_1_84_19;7,40740740740743
z_1_1_84_20;1,0
y_1_1_84_20;25,0
z_1_1_84_23;1,0
y_1_1_84_23;25,0
f_3_84;34,24657534246575
x_3_1_84;34,24657534246575
c_3_1_84;21,0
z_5_1_84_32;1,0
y_5_1_84_32;24,999999999999996
f_6_84;136,986301369863
x_6_1_84;136,986301369863
c_6_1_84;18,0
f_7_84;34,24657534246575
x_7_1_84;34,24657534246575
c_7_1_84;12,0
z_8_1_84_1;1,0
y_8_1_84_1;25,0
z_8_1_84_2;1,0
y_8_1_84_2;25,0
z_8_1_84_3;1,0
y_8_1_84_3;25,0
z_8_1_84_8;1,0
y_8_1_84_8;25,0
z_8_1_84_13;1,0
y_8_1_84_13;25,0
z_8_1_84_28;1,0
y_8_1_84_28;25,0
z_8_1_84_47;1,0
y_8_1_84_47;25,0
s_3_84_3;1,0
s_4_84_3;1,0
s_38_84_3;1,0
v_45_84_3;0,8239777526006797
s_45_84_3;1,0
v_112_84_3;0,2767400027674
s_112_84_3;1,0
a_123_84_3;0,9999999999997853
n_123_84_3;0,9999999999997853
v_146_84_3;0,18637592023110613
s_146_84_3;1,0
s_160_84_3;1,0
a_219_84_3;1,489195153578646e-13
n_219_84_3;1,489195153578646e-13
s_234_84_3;1,0
I_1_1_85_19;7,407407407407446
z_3_1_85_50;1,0
y_3_1_85_50;25,0
z_6_1_85_5;1,0
y_6_1_85_5;25,0
z_6_1_85_10;1,0
y_6_1_85_10;25,0
z_6_1_85_18;1,0
y_6_1_85_18;25,0
z_6_1_85_46;1,0
y_6_1_85_46;25,0
z_7_1_85_15;1,0
y_7_1_85_15;25,0
f_8_85;34,24657534248519
x_8_1_85;34,24657534248519
c_8_1_85;2,0
a_73_85_3;0,3512469265893159
n_73_85_3;0,3512469265893159
v_254_85_3;0,6226650062266501
s_254_85_3;1,0
I_1_1_86_19;7,407407407407462
I_6_1_86_6;25,0
I_6_1_86_42;25,0
I_6_1_86_43;25,0
I_6_1_86_44;25,0
z_8_1_86_40;1,0
y_8_1_86_40;25,0
a_32_86_3;0,9855129594954173
n_32_86_3;0,9855129594954173
beta_1_1_87_1_7;25,0
beta_1_1_87_1_12;25,0
I_1_1_87_19;1,4564349726242654e-11
beta_1_1_87_1_19;7,407407407407478
I_1_1_87_41;25,0
I_6_1_87_6;25,0
I_6_1_87_42;25,0
I_6_1_87_43;25,0
I_6_1_87_44;25,0
f_8_87;96,25
wC_8_87;2,947833548142065e-17
x_8_1_87;96,25
c_8_1_87;5,0
I_8_1_87_36;25,0
a_59_87_3;1,0
n_59_87_3;1,0
v_123_87_3;0,9999999999997853
s_123_87_3;1,0
a_138_87_3;0,05062537224549929
n_138_87_3;0,05062537224549929
v_219_87_3;1,489195153578646e-13
I_1_1_88_19;1,4564349726242654e-11
I_1_1_88_41;25,0
I_3_1_88_51;18,51851851851852
f_6_88;34,2465753424583
x_6_1_88;34,2465753424583
c_6_1_88;2,0
I_6_1_88_6;25,0
I_6_1_88_33;25,0
I_6_1_88_42;25,0
I_6_1_88_43;25,0
I_6_1_88_44;25,0
z_8_1_88_6;1,0
y_8_1_88_6;25,0
z_8_1_88_7;1,0
y_8_1_88_7;25,0
z_8_1_88_9;1,0
y_8_1_88_9;20,262499999986787
I_8_1_88_36;25,0
v_73_88_3;0,3512469265893159
s_73_88_3;1,0
beta_1_1_89_12_19;1,4564349726242654e-11
beta_1_1_89_1_26;1,4564349726242654e-11
I_1_1_89_41;25,0
I_3_1_89_51;18,51851851851852
I_5_1_89_11;18,51851851851852
f_6_89;171,23287671232876
x_6_1_89;171,23287671232876
c_6_1_89;9,0
I_6_1_89_6;12,037037037037038
beta_6_1_89_6_6;12,962962962962962
beta_6_1_89_6_33;25,0
I_6_1_89_42;25,0
I_6_1_89_43;25,0
I_6_1_89_44;25,0
z_6_1_89_49;1,0
y_6_1_89_49;25,0
I_8_1_89_36;25,0
v_32_89_3;0,9855129594954173
s_32_89_3;1,0
s_142_89_3;1,0
I_1_1_90_21;25,0
I_1_1_90_25;25,0
I_1_1_90_31;25,0
I_1_1_90_35;17,592592592592595
beta_1_1_90_1_35;7,407407407407405
I_1_1_90_39;25,0
I_1_1_90_41;25,0
I_3_1_90_51;18,51851851851852
I_5_1_90_11;18,51851851851852
I_6_1_90_6;12,037037037037038
z_6_1_90_11;1,0
y_6_1_90_11;25,0
z_6_1_90_14;1,0
y_6_1_90_14;25,0
z_6_1_90_33;1,0
y_6_1_90_33;25,0
z_6_1_90_34;1,0
y_6_1_90_34;25,0
z_6_1_90_38;1,0
y_6_1_90_38;25,0
I_6_1_90_42;25,0
I_6_1_90_43;25,0
I_6_1_90_44;25,0
I_7_1_90_26;25,0
f_8_90;171,23287671234863
x_8_1_90;171,23287671234863
c_8_1_90;9,0
I_8_1_90_16;25,0
I_8_1_90_36;12,5
beta_8_1_90_8_36;12,5
v_59_90_3;1,0
s_59_90_3;1,0
a_96_90_3;0,693601525923357
n_96_90_3;0,693601525923357
s_107_90_3;1,0
v_138_90_3;0,05062537224549929
s_138_90_3;1,0
c_1_1_91;1,0
I_1_1_91_21;25,0
beta_1_1_91_14_25;25,0
I_1_1_91_31;25,0
beta_1_1_91_14_35;17,592592592592595
beta_1_1_91_14_39;25,0
beta_1_1_91_14_41;25,0
c_2_1_91;3,0
beta_3_1_91_14_51;18,51851851851852
c_4_1_91;4,0
beta_5_1_91_14_11;18,51851851851852
beta_6_1_91_14_6;12,037037037037038
beta_6_1_91_14_42;25,0
I_6_1_91_43;25,0
I_6_1_91_44;25,0
I_7_1_91_26;6,481481481481481
beta_7_1_91_14_26;18,51851851851852
c_8_1_91;6,0
I_8_1_91_16;25,0
z_8_1_91_26;1,0
y_8_1_91_26;25,0
z_8_1_91_30;1,0
y_8_1_91_30;25,0
z_8_1_91_35;1,0
y_8_1_91_35;25,0
z_8_1_91_36;1,0
y_8_1_91_36;25,0
I_8_1_91_36;12,5
z_8_1_91_39;1,0
y_8_1_91_39;25,0
a_13_91_3;0,08336982131325768
n_13_91_3;0,08336982131325768
a_93_91_3;0,14229220899301578
n_93_91_3;0,14229220899301578
a_123_91_3;2,146761844769217e-13
n_123_91_3;2,146761844769217e-13
a_226_91_3;0,9447331128956015
n_226_91_3;0,9447331128956015
c_1_1_92;2,0
I_1_1_92_4;25,0
I_1_1_92_19;25,0
I_1_1_92_20;25,0
I_1_1_92_21;25,0
I_1_1_92_23;25,0
I_1_1_92_31;25,0
c_4_1_92;5,0
I_5_1_92_32;25,0
beta_6_1_92_6_43;25,000000000000014
beta_6_1_92_6_44;25,0
I_7_1_92_26;6,481481481481481
c_8_1_92;9,0
I_8_1_92_1;12,5
beta_8_1_92_8_1;12,5
I_8_1_92_2;2,4226851851851876
beta_8_1_92_8_2;22,577314814814812
I_8_1_92_3;25,0
I_8_1_92_8;25,0
I_8_1_92_13;25,0
I_8_1_92_16;25,0
I_8_1_92_28;25,0
beta_8_1_92_8_36;12,500000000000018
I_8_1_92_47;25,0
a_16_92_3;1,0
n_16_92_3;1,0
a_226_92_3;1,5092907766490405e-13
n_226_92_3;1,5092907766490405e-13
I_1_1_93_4;25,0
I_1_1_93_19;25,0
I_1_1_93_20;25,0
I_1_1_93_21;25,0
I_1_1_93_23;25,0
I_1_1_93_31;25,0
c_3_1_93;2,0
I_3_1_93_50;25,0
I_5_1_93_32;25,0
f_6_93;68,4931506849315
x_6_1_93;68,4931506849315
c_6_1_93;5,0
I_6_1_93_5;25,0
beta_6_1_93_6_10;25,0
I_6_1_93_18;25,0
I_6_1_93_46;25,0
c_7_1_93;5,0
I_7_1_93_15;25,0
I_7_1_93_26;6,481481481481481
I_8_1_93_1;12,5
I_8_1_93_2;2,4226851851851876
I_8_1_93_3;25,0
I_8_1_93_8;25,0
I_8_1_93_13;25,0
I_8_1_93_16;25,0
beta_8_1_93_8_28;25,0
beta_8_1_93_8_47;25,0
a_64_93_3;1,0
n_64_93_3;1,0
a_79_93_3;0,09708737864079635
n_79_93_3;0,09708737864079635
v_96_93_3;0,693601525923357
s_96_93_3;1,0
s_236_93_3;1,0
I_1_1_94_4;25,0
I_1_1_94_19;25,0
I_1_1_94_20;25,0
I_1_1_94_21;25,0
I_1_1_94_23;25,0
I_1_1_94_31;25,0
I_3_1_94_50;25,0
I_5_1_94_32;25,0
f_6_94;34,246575342485386
x_6_1_94;34,246575342485386
c_6_1_94;7,0
I_6_1_94_5;25,0
I_6_1_94_18;25,0
z_6_1_94_27;1,0
y_6_1_94_27;25,0
z_6_1_94_28;1,0
y_6_1_94_28;25,0
I_6_1_94_46;25,0
I_7_1_94_15;25,0
I_7_1_94_26;6,481481481481481
f_8_94;136,98630136988288
x_8_1_94;136,98630136988288
c_8_1_94;8,0
I_8_1_94_1;12,5
beta_8_1_94_8_2;2,4226851851851876
I_8_1_94_3;25,0
I_8_1_94_8;25,0
I_8_1_94_13;25,0
beta_8_1_94_8_16;25,0
I_8_1_94_40;25,0
v_13_94_3;0,08336982131325768
s_13_94_3;1,0
v_93_94_3;0,14229220899301578
s_93_94_3;1,0
v_123_94_3;2,146761844769217e-13
v_226_94_3;0,9447331128956015
s_226_94_3;1,0
I_1_1_95_4;25,0
I_1_1_95_19;25,0
I_1_1_95_20;25,0
I_1_1_95_21;25,0
I_1_1_95_23;25,0
I_1_1_95_31;25,0
I_3_1_95_50;25,0
c_4_1_95;2,0
I_5_1_95_32;25,0
I_6_1_95_5;25,0
I_6_1_95_18;25,0
z_6_1_95_24;1,0
y_6_1_95_24;25,0
I_6_1_95_46;5,0
beta_6_1_95_6_46;20,0
I_7_1_95_15;25,0
I_7_1_95_26;6,481481481481481
f_8_95;167,50000000002188
x_8_1_95;167,50000000002188
c_8_1_95;9,0
I_8_1_95_1;12,500000000000018
I_8_1_95_3;25,0
beta_8_1_95_8_8;25,0
I_8_1_95_13;25,0
z_8_1_95_29;1,0
y_8_1_95_29;25,0
z_8_1_95_32;1,0
y_8_1_95_32;25,0
z_8_1_95_37;1,0
y_8_1_95_37;25,0
z_8_1_95_40;1,0
y_8_1_95_40;25,0
I_8_1_95_40;25,0
a_11_95_3;1,0
n_11_95_3;1,0
v_16_95_3;1,0
s_16_95_3;1,0
v_226_95_3;1,5092907766490405e-13
s_241_95_3;1,0
I_1_1_96_4;25,0
I_1_1_96_19;25,0
beta_1_1_96_14_20;25,0
beta_1_1_96_14_21;25,0
I_1_1_96_23;25,0
beta_1_1_96_14_31;25,0
I_3_1_96_50;10,0
beta_3_1_96_14_50;15,0
c_5_1_96;3,0
I_5_1_96_32;10,0
beta_5_1_96_14_32;15,0
c_6_1_96;5,0
beta_6_1_96_14_5;25,0
I_6_1_96_18;25,0
beta_6_1_96_14_46;5,0
I_7_1_96_15;16,48148148148148
beta_7_1_96_14_15;8,518518518518519
beta_7_1_96_14_26;6,481481481481481
f_8_96;140,00000000000253
x_8_1_96;140,00000000000253
c_8_1_96;7,0
z_8_1_96_1;1,0
y_8_1_96_1;25,0
I_8_1_96_1;12,500000000000018
I_8_1_96_3;25,0
I_8_1_96_6;25,0
I_8_1_96_7;25,0
z_8_1_96_8;1,0
y_8_1_96_8;25,0
I_8_1_96_9;20,262500000000003
z_8_1_96_10;1,0
y_8_1_96_10;15,71712962962961
z_8_1_96_12;1,0
y_8_1_96_12;12,5
z_8_1_96_13;1,0
y_8_1_96_13;25,0
I_8_1_96_13;25,0
z_8_1_96_25;1,0
y_8_1_96_25;19,05787037037038
I_8_1_96_40;25,0
v_64_96_3;1,0
s_64_96_3;1,0
s_65_96_3;1,0
v_79_96_3;0,09708737864079635
s_79_96_3;1,0
a_182_96_3;1,0
n_182_96_3;1,0
s_280_96_3;1,0
beta_1_1_97_14_4;25,0
beta_1_1_97_14_19;25,0
beta_1_1_97_1_23;25,0
c_2_1_97;7,0
beta_3_1_97_14_50;10,0
c_5_1_97;7,0
beta_5_1_97_14_32;10,0
beta_6_1_97_6_18;5,0
beta_6_1_97_14_18;20,0
I_6_1_97_49;25,0
beta_7_1_97_7_15;6,481481481481481
beta_7_1_97_14_15;10,0
c_8_1_97;3,0
I_8_1_97_1;12,500000000000018
z_8_1_97_2;1,0
y_8_1_97_2;14,70000000000185
z_8_1_97_3;1,0
y_8_1_97_3;25,0
I_8_1_97_3;25,0
I_8_1_97_6;25,0
z_8_1_97_7;1,0
y_8_1_97_7;12,5
I_8_1_97_7;25,0
z_8_1_97_9;1,0
y_8_1_97_9;25,0
I_8_1_97_9;20,26250000000002
I_8_1_97_13;25,0
z_8_1_97_16;1,0
y_8_1_97_16;25,0
I_8_1_97_40;25,0
a_75_97_3;0,33008747318039283
n_75_97_3;0,33008747318039283
a_118_97_3;0,18765246762994933
n_118_97_3;0,18765246762994933
s_166_97_3;1,0
s_205_97_3;1,0
c_1_1_98;12,0
I_6_1_98_11;25,0
I_6_1_98_14;25,0
I_6_1_98_33;25,0
I_6_1_98_34;25,0
I_6_1_98_38;25,0
I_6_1_98_49;25,0
f_8_98;185,0
wC_8_98;1,1102230246251565e-16
x_8_1_98;185,0
c_8_1_98;10,0
beta_8_1_98_8_1;12,500000000000018
beta_8_1_98_8_3;25,000000000000014
I_8_1_98_6;25,0
beta_8_1_98_8_7;25,0
I_8_1_98_9;20,26250000000002
beta_8_1_98_8_13;25,0
beta_8_1_98_8_40;25,0
v_11_98_3;1,0
s_11_98_3;1,0
a_172_98_3;0,5247674006914429
n_172_98_3;0,5247674006914429
a_271_98_3;0,5591277606933184
n_271_98_3;0,5591277606933184
a_282_98_3;1,0
n_282_98_3;1,0
I_6_1_99_11;25,0
I_6_1_99_14;25,0
I_6_1_99_33;25,0
I_6_1_99_34;25,0
I_6_1_99_38;25,0
I_6_1_99_49;25,0
f_8_99;133,75
x_8_1_99;133,75
c_8_1_99;7,0
I_8_1_99_6;25,0
I_8_1_99_9;20,262500000000056
I_8_1_99_26;25,0
I_8_1_99_30;25,0
z_8_1_99_31;1,0
y_8_1_99_31;22,549999999999983
z_8_1_99_33;1,0
y_8_1_99_33;12,5
I_8_1_99_35;25,0
I_8_1_99_36;25,0
I_8_1_99_39;25,0
z_8_1_99_45;1,0
y_8_1_99_45;25,0
z_8_1_99_46;1,0
y_8_1_99_46;25,0
z_8_1_99_47;1,0
y_8_1_99_47;25,0
z_8_1_99_48;1,0
y_8_1_99_48;25,0
a_5_99_3;0,8429926238145417
n_5_99_3;0,8429926238145417
s_102_99_3;1,0
v_182_99_3;1,0
s_182_99_3;1,0
a_277_99_3;0,29459419649432905
n_277_99_3;0,29459419649432905
f_1_100;34,24657534246575
x_1_1_100;34,24657534246575
c_1_1_100;2,0
f_3_100;34,24657534246575
wC_3_100;1,3877787807814457e-17
x_3_1_100;34,24657534246575
c_3_1_100;2,0
I_6_1_100_11;25,0
I_6_1_100_14;25,0
I_6_1_100_33;25,0
I_6_1_100_34;25,0
I_6_1_100_38;25,0
I_6_1_100_49;25,0
I_8_1_100_6;25,0
I_8_1_100_9;20,262500000000074
z_8_1_100_26;1,0
y_8_1_100_26;25,0
beta_8_1_100_8_26;25,000000000000014
I_8_1_100_30;25,0
z_8_1_100_34;1,0
y_8_1_100_34;25,0
z_8_1_100_35;1,0
y_8_1_100_35;22,637500000000003
I_8_1_100_35;25,0
I_8_1_100_36;25,0
z_8_1_100_38;1,0
y_8_1_100_38;25,0
beta_8_1_100_8_39;25,0
v_75_100_3;0,33008747318039283
s_75_100_3;1,0
v_118_100_3;0,18765246762994933
s_118_100_3;1,0
a_198_100_3;0,8137800081378002
n_198_100_3;0,8137800081378002
s_218_100_3;1,0
z_1_1_101_41;1,0
y_1_1_101_41;25,0
z_3_1_101_4;1,0
y_3_1_101_4;25,0
f_5_101;34,24657534246575
x_5_1_101;34,24657534246575
c_5_1_101;7,0
f_6_101;253,6783358701382
x_6_1_101;253,6783358701382
c_6_1_101;13,0
I_6_1_101_11;25,0
I_6_1_101_14;25,0
I_6_1_101_33;25,0
I_6_1_101_34;25,0
I_6_1_101_38;25,0
beta_6_1_101_6_49;25,0
I_8_1_101_6;25,0
I_8_1_101_9;20,26250000000009
I_8_1_101_30;25,0
I_8_1_101_35;25,0
I_8_1_101_36;25,0
a_51_101_3;0,24906600249065924
n_51_101_3;0,24906600249065924
v_172_101_3;0,5247674006914429
s_172_101_3;1,0
a_185_101_3;0,9382623381497466
n_185_101_3;0,9382623381497466
v_271_101_3;0,5591277606933184
s_271_101_3;1,0
v_282_101_3;1,0
s_282_101_3;1,0
c_5_1_102;2,0
z_5_1_102_43;1,0
y_5_1_102_43;25,0
c_6_1_102;4,0
I_6_1_102_11;25,0
I_6_1_102_14;25,0
z_6_1_102_17;1,0
y_6_1_102_17;25,0
z_6_1_102_18;1,0
y_6_1_102_18;25,0
z_6_1_102_19;1,0
y_6_1_102_19;25,0
z_6_1_102_20;1,0
y_6_1_102_20;22,68518518518519
z_6_1_102_21;1,0
y_6_1_102_21;12,5
z_6_1_102_22;1,0
y_6_1_102_22;25,0
z_6_1_102_23;1,0
y_6_1_102_23;25,0
I_6_1_102_27;25,0
I_6_1_102_28;25,0
z_6_1_102_30;1,0
y_6_1_102_30;25,0
I_6_1_102_33;25,0
I_6_1_102_34;25,0
I_6_1_102_38;25,0
f_7_102;34,24657534246575
x_7_1_102;34,24657534246575
c_7_1_102;3,0
f_8_102;68,4931506849315
x_8_1_102;68,4931506849315
c_8_1_102;4,0
beta_8_1_102_8_6;25,0
beta_8_1_102_8_9;20,26250000000011
I_8_1_102_30;25,0
beta_8_1_102_8_35;25,0
beta_8_1_102_8_36;25,0
v_5_102_3;0,8429926238145417
s_5_102_3;1,0
v_277_102_3;0,29459419649432905
s_277_102_3;1,0
f_6_103;102,73972602739727
x_6_1_103;102,73972602739727
c_6_1_103;16,0
beta_6_1_103_6_11;25,0
I_6_1_103_14;25,0
I_6_1_103_24;25,0
I_6_1_103_27;25,0
I_6_1_103_28;25,0
beta_6_1_103_6_33;25,0
I_6_1_103_34;25,0
I_6_1_103_38;25,0
z_7_1_103_15;1,0
y_7_1_103_15;25,0
I_8_1_103_29;25,0
I_8_1_103_30;25,0
beta_8_1_103_8_32;25,000000000000014
I_8_1_103_37;25,0
I_8_1_103_40;25,0
z_8_1_103_49;1,0
y_8_1_103_49;25,0
z_8_1_103_52;1,0
y_8_1_103_52;25,0
s_37_103_3;1,0
a_157_103_3;1,0
n_157_103_3;1,0
s_158_103_3;1,0
v_198_103_3;0,8137800081378002
s_198_103_3;1,0
f_1_104;171,23287671232876
x_1_1_104;171,23287671232876
c_1_1_104;12,0
f_6_104;34,24657534246575
x_6_1_104;34,24657534246575
c_6_1_104;4,0
beta_6_1_104_6_14;25,0
beta_6_1_104_6_24;25,000000000000014
beta_6_1_104_6_27;25,0
I_6_1_104_28;25,0
beta_6_1_104_6_34;25,0
beta_6_1_104_6_38;25,0
z_6_1_104_39;1,0
y_6_1_104_39;25,0
z_6_1_104_40;1,0
y_6_1_104_40;25,0
z_6_1_104_44;1,0
y_6_1_104_44;25,0
c_7_1_104;2,0
I_8_1_104_1;25,0
I_8_1_104_8;25,0
I_8_1_104_10;15,717129629629632
I_8_1_104_12;12,500000000000021
I_8_1_104_13;25,0
I_8_1_104_25;19,05787037037038
I_8_1_104_29;25,0
beta_8_1_104_8_30;25,0
I_8_1_104_37;25,0
I_8_1_104_40;25,0
v_51_104_3;0,24906600249065924
s_51_104_3;1,0
v_185_104_3;0,9382623381497466
s_185_104_3;1,0
s_189_104_3;1,0
a_193_104_3;1,0
n_193_104_3;1,0
a_210_104_3;0,9255915317559154
n_210_104_3;0,9255915317559151
s_230_104_3;1,0
c_1_1_105;28,0
z_1_1_105_1;1,0
y_1_1_105_1;25,0
z_1_1_105_5;1,0
y_1_1_105_5;25,0
z_1_1_105_14;1,0
y_1_1_105_14;25,0
z_1_1_105_37;1,0
y_1_1_105_37;25,0
z_1_1_105_50;1,0
y_1_1_105_50;25,0
z_6_1_105_27;1,0
y_6_1_105_27;25,0
beta_6_1_105_6_28;25,0
I_8_1_105_1;25,0
beta_8_1_105_8_2;14,70000000000185
I_8_1_105_3;25,0
I_8_1_105_7;12,5
I_8_1_105_8;25,0
I_8_1_105_9;25,0
I_8_1_105_10;15,71712962962965
I_8_1_105_12;12,500000000000039
I_8_1_105_13;25,0
beta_8_1_105_8_16;25,0
I_8_1_105_25;19,0578703703704
I_8_1_105_29;25,0
I_8_1_105_37;25,0
I_8_1_105_40;25,0
f_8_106;150,0
x_8_1_106;150,0
c_8_1_106;8,0
beta_8_1_106_8_1;25,0
beta_8_1_106_8_3;25,0
I_8_1_106_7;12,5
beta_8_1_106_8_8;25,0
I_8_1_106_9;9,592129629644248
beta_8_1_106_8_9;15,407870370355752
beta_8_1_106_8_10;15,717129629629667
beta_8_1_106_8_12;12,500000000000057
beta_8_1_106_8_13;25,000000000000014
I_8_1_106_25;19,057870370370416
I_8_1_106_29;25,0
beta_8_1_106_8_37;25,000000000000014
I_8_1_106_40;8,43981481481481
beta_8_1_106_8_40;16,56018518518519
a_49_106_3;0,9962640099626401
n_49_106_3;0,9962640099626401
v_157_106_3;1,0
s_157_106_3;1,0
f_8_107;273,972602739726
x_8_1_107;273,972602739726
c_8_1_107;14,0
I_8_1_107_7;12,5
z_8_1_107_8;1,0
y_8_1_107_8;25,0
z_8_1_107_9;1,0
y_8_1_107_9;12,5
I_8_1_107_9;9,592129629644248
z_8_1_107_11;1,0
y_8_1_107_11;25,0
z_8_1_107_12;1,0
y_8_1_107_12;22,0
z_8_1_107_13;1,0
y_8_1_107_13;25,0
I_8_1_107_25;19,057870370370434
I_8_1_107_29;25,0
I_8_1_107_31;22,55
I_8_1_107_33;12,500000000000018
I_8_1_107_40;8,43981481481481
I_8_1_107_45;25,0
I_8_1_107_46;25,0
I_8_1_107_47;25,0
I_8_1_107_48;25,0
s_68_107_3;1,0
a_132_107_3;0,6965405154399814
n_132_107_3;0,6965405154399814
v_193_107_3;1,0
s_193_107_3;1,0
v_210_107_3;0,9255915317559154
s_210_107_3;1,0
z_8_1_108_3;1,0
y_8_1_108_3;25,0
I_8_1_108_7;12,5
I_8_1_108_9;9,592129629644248
z_8_1_108_25;1,0
y_8_1_108_25;25,0
beta_8_1_108_8_25;19,057870370370452
beta_8_1_108_8_26;25,000000000000014
z_8_1_108_28;1,0
y_8_1_108_28;25,0
z_8_1_108_29;1,0
y_8_1_108_29;25,0
beta_8_1_108_8_29;25,000000000000014
z_8_1_108_31;1,0
y_8_1_108_31;25,0
beta_8_1_108_8_31;22,55000000000002
z_8_1_108_32;1,0
y_8_1_108_32;25,0
z_8_1_108_33;1,0
y_8_1_108_33;25,0
beta_8_1_108_8_33;12,500000000000036
beta_8_1_108_8_34;25,000000000000014
beta_8_1_108_8_35;22,637500000000024
z_8_1_108_36;1,0
y_8_1_108_36;25,0
beta_8_1_108_8_38;25,000000000000014
beta_8_1_108_8_40;8,43981481481481
I_8_1_108_45;25,0
I_8_1_108_46;25,0
I_8_1_108_47;25,0
I_8_1_108_48;25,0
a_97_108_3;0,39420518379816705
n_97_108_3;0,39420518379816694
a_202_108_3;0,9784735812133072
n_202_108_3;0,9784735812133072
beta_1_1_109_1_41;25,0
I_3_1_109_4;25,0
f_6_109;136,986301369863
x_6_1_109;136,986301369863
c_6_1_109;19,0
beta_8_1_109_8_7;12,5
beta_8_1_109_8_9;9,592129629644248
I_8_1_109_45;25,0
I_8_1_109_46;25,0
I_8_1_109_47;25,0
I_8_1_109_48;25,0
v_49_109_3;0,9962640099626401
s_49_109_3;1,0
s_128_109_3;1,0
a_135_109_3;0,9999999999999065
n_135_109_3;0,9999999999999065
s_151_109_3;1,0
I_3_1_110_4;25,0
I_5_1_110_43;25,0
beta_6_1_110_6_17;25,000000000000014
beta_6_1_110_6_18;25,0
I_6_1_110_19;25,0
beta_6_1_110_6_20;22,68518518518519
beta_6_1_110_6_21;12,5
beta_6_1_110_6_22;25,0
I_6_1_110_23;25,0
z_6_1_110_24;1,0
y_6_1_110_24;25,0
z_6_1_110_26;1,0
y_6_1_110_26;25,0
I_6_1_110_30;25,0
z_6_1_110_45;1,0
y_6_1_110_45;25,0
z_6_1_110_48;1,0
y_6_1_110_48;25,0
f_8_110;102,73972602739727
x_8_1_110;102,73972602739727
c_8_1_110;18,0
beta_8_1_110_8_45;25,0
I_8_1_110_46;25,0
I_8_1_110_47;25,0
I_8_1_110_48;25,0
a_69_110_3;0,043561643835616184
n_69_110_3;0,043561643835616184
a_86_110_3;1,0
n_86_110_3;1,0
v_132_110_3;0,6965405154399814
s_132_110_3;1,0
a_170_110_3;1,0
n_170_110_3;1,0
a_228_110_3;1,0
n_228_110_3;1,0
f_1_111;102,73972602739727
x_1_1_111;102,73972602739727
c_1_1_111;7,0
c_3_1_111;2,0
I_3_1_111_4;25,0
I_5_1_111_43;25,0
I_6_1_111_19;9,537037037037038
beta_6_1_111_6_19;15,462962962962962
beta_6_1_111_6_23;25,0
beta_6_1_111_6_30;25,0
I_7_1_111_15;25,0
f_8_111;68,4931506849315
wC_8_111;5,551115123125783e-17
x_8_1_111;68,4931506849315
c_8_1_111;4,0
z_8_1_111_7;1,0
y_8_1_111_7;25,0
z_8_1_111_30;1,0
y_8_1_111_30;25,0
z_8_1_111_35;1,0
y_8_1_111_35;25,0
I_8_1_111_46;25,0
beta_8_1_111_8_47;25,0
I_8_1_111_48;25,0
I_8_1_111_49;25,0
I_8_1_111_52;25,0
s_50_111_3;1,0
s_70_111_3;1,0
v_97_111_3;0,39420518379816705
s_97_111_3;1,0
s_143_111_3;1,0
v_202_111_3;0,9784735812133072
s_202_111_3;1,0
s_225_111_3;1,0
s_252_111_3;1,0
c_1_1_112;18,0
z_1_1_112_2;1,0
y_1_1_112_2;25,0
z_1_1_112_10;1,0
y_1_1_112_10;25,0
z_1_1_112_15;1,0
y_1_1_112_15;25,0
c_2_1_112;9,0
c_3_1_112;4,0
I_3_1_112_4;25,0
c_4_1_112;6,0
c_5_1_112;6,0
I_5_1_112_43;25,0
f_6_112;124,99999999998832
x_6_1_112;124,99999999998832
c_6_1_112;7,0
I_6_1_112_19;9,537037037037038
I_6_1_112_39;25,0
I_6_1_112_40;25,0
beta_6_1_112_6_44;25,0
I_7_1_112_15;25,0
c_8_1_112;6,0
z_8_1_112_6;1,0
y_8_1_112_6;25,0
z_8_1_112_34;1,0
y_8_1_112_34;25,0
beta_8_1_112_8_46;25,0
beta_8_1_112_8_48;25,0
I_8_1_112_49;12,5
beta_8_1_112_8_49;12,5
I_8_1_112_52;25,0
s_101_112_3;1,0
v_135_112_3;0,9999999999999065
s_135_112_3;1,0
s_147_112_3;1,0
I_1_1_113_1;1,7763568394002505e-14
beta_1_1_113_14_1;24,999999999999982
beta_1_1_113_14_5;25,0
I_1_1_113_14;13,657407407407387
beta_1_1_113_14_14;11,342592592592613
I_1_1_113_37;25,0
beta_1_1_113_14_50;25,0
I_3_1_113_4;7,731481481481481
beta_3_1_113_14_4;17,26851851851852
I_5_1_113_43;7,731481481481481
beta_5_1_113_14_43;17,26851851851852
f_6_113;98,75000000002056
x_6_1_113;98,75000000002056
c_6_1_113;5,0
z_6_1_113_4;1,0
y_6_1_113_4;25,0
beta_6_1_113_14_19;9,537037037037038
I_6_1_113_27;25,0
beta_6_1_113_14_39;25,0
I_6_1_113_40;25,0
z_6_1_113_41;1,0
y_6_1_113_41;16,25
z_6_1_113_42;1,0
y_6_1_113_42;25,0
z_6_1_113_44;1,0
y_6_1_113_44;25,0
I_7_1_113_15;7,731481481481481
beta_7_1_113_14_15;17,26851851851852
f_8_113;273,972602739726
x_8_1_113;273,972602739726
c_8_1_113;14,0
beta_8_1_113_8_49;12,5
I_8_1_113_52;25,0
v_69_113_3;0,043561643835616184
s_69_113_3;1,0
a_83_113_3;0,9646922631680493
n_83_113_3;0,9646922631680493
v_86_113_3;1,0
s_86_113_3;1,0
v_170_113_3;1,0
s_170_113_3;1,0
v_228_113_3;1,0
s_228_113_3;1,0
wE_1_1_114_1;1,7763568394002505e-14
I_1_1_114_14;13,657407407407387
I_1_1_114_37;25,0
I_3_1_114_4;7,731481481481481
I_5_1_114_43;7,731481481481481
I_6_1_114_27;25,0
z_6_1_114_38;1,0
y_6_1_114_38;25,0
I_6_1_114_40;25,0
z_6_1_114_46;1,0
y_6_1_114_46;25,0
z_6_1_114_47;1,0
y_6_1_114_47;22,08749999999997
I_7_1_114_15;7,731481481481481
z_8_1_114_17;1,0
y_8_1_114_17;25,0
z_8_1_114_18;1,0
y_8_1_114_18;25,0
z_8_1_114_19;1,0
y_8_1_114_19;25,0
z_8_1_114_20;1,0
y_8_1_114_20;25,0
z_8_1_114_21;1,0
y_8_1_114_21;25,0
z_8_1_114_22;1,0
y_8_1_114_22;25,0
z_8_1_114_23;1,0
y_8_1_114_23;25,0
z_8_1_114_39;1,0
y_8_1_114_39;25,0
I_8_1_114_52;25,0
a_223_114_3;1,0
n_223_114_3;1,0
beta_1_1_115_14_14;13,65740740740739
beta_1_1_115_14_37;25,000000000000014
beta_3_1_115_14_4;7,731481481481481
beta_5_1_115_14_43;7,731481481481481
I_6_1_115_27;9,537037037037038
beta_6_1_115_14_27;15,462962962962962
I_6_1_115_40;25,0
beta_7_1_115_14_15;7,731481481481481
I_8_1_115_8;25,0
I_8_1_115_9;12,5
beta_8_1_115_8_11;25,0
I_8_1_115_12;22,0
beta_8_1_115_8_13;25,0
I_8_1_115_52;25,0
a_92_115_3;0,9872886585215352
n_92_115_3;0,9872886585215352
s_289_115_3;1,0
I_6_1_116_27;9,537037037037038
I_6_1_116_40;25,0
f_8_116;171,23287671232876
x_8_1_116;171,23287671232876
c_8_1_116;9,0
I_8_1_116_3;25,0
beta_8_1_116_8_8;25,0
beta_8_1_116_8_9;12,5
beta_8_1_116_8_12;22,0
beta_8_1_116_8_25;25,0
I_8_1_116_28;25,0
I_8_1_116_29;25,0
I_8_1_116_31;25,0
I_8_1_116_32;25,0
I_8_1_116_33;25,0
I_8_1_116_36;25,0
beta_8_1_116_8_52;25,0
v_83_116_3;0,9646922631680493
s_83_116_3;1,0
f_6_117;167,50000000000006
x_6_1_117;167,50000000000006
c_6_1_117;9,0
beta_6_1_117_6_27;9,537037037037038
I_6_1_117_40;25,0
beta_8_1_117_8_3;25,0
z_8_1_117_28;1,0
y_8_1_117_28;25,0
beta_8_1_117_8_28;25,0
I_8_1_117_29;25,0
z_8_1_117_31;1,0
y_8_1_117_31;25,0
beta_8_1_117_8_31;25,0
z_8_1_117_32;1,0
y_8_1_117_32;25,0
I_8_1_117_32;25,0
beta_8_1_117_8_33;25,0
I_8_1_117_36;25,0
z_8_1_117_37;1,0
y_8_1_117_37;25,0
z_8_1_117_40;1,0
y_8_1_117_40;25,0
a_1_117_3;1,0
n_1_117_3;1,0
a_211_117_3;0,05507794048181385
n_211_117_3;0,05507794048181385
v_223_117_3;1,0
s_223_117_3;1,0
a_239_117_3;1,0
n_239_117_3;1,0
f_6_118;136,986301369863
x_6_1_118;136,986301369863
c_6_1_118;7,0
I_6_1_118_24;25,0
I_6_1_118_26;25,0
beta_6_1_118_6_40;25,0
z_6_1_118_43;1,0
y_6_1_118_43;25,0
I_6_1_118_45;25,0
I_6_1_118_48;25,0
z_6_1_118_49;1,0
y_6_1_118_49;22,275000000000034
z_6_1_118_50;1,0
y_6_1_118_50;25,0
z_6_1_118_51;1,0
y_6_1_118_51;25,0
z_6_1_118_52;1,0
y_6_1_118_52;25,0
I_8_1_118_29;25,0
I_8_1_118_32;25,0
I_8_1_118_36;25,0
v_92_118_3;0,9872886585215352
s_92_118_3;1,0
c_1_1_119;56,0
z_6_1_119_24;1,0
y_6_1_119_24;25,0
I_6_1_119_24;25,0
I_6_1_119_26;25,0
z_6_1_119_29;1,0
y_6_1_119_29;25,0
z_6_1_119_33;1,0
y_6_1_119_33;25,0
z_6_1_119_36;1,0
y_6_1_119_36;25,0
beta_6_1_119_6_45;25,0
I_6_1_119_48;25,0
I_8_1_119_7;25,0
I_8_1_119_29;25,0
I_8_1_119_30;25,0
I_8_1_119_32;25,0
I_8_1_119_35;25,0
I_8_1_119_36;25,0
s_41_119_3;1,0
a_117_119_3;1,0
n_117_119_3;1,0
a_215_119_3;0,273972602739726
n_215_119_3;0,273972602739726
I_1_1_120_2;25,0
I_1_1_120_10;25,0
beta_1_1_120_1_15;25,0
I_6_1_120_24;25,0
beta_6_1_120_6_26;25,0
I_6_1_120_48;25,0
f_8_120;171,23287671232876
x_8_1_120;171,23287671232876
c_8_1_120;9,0
I_8_1_120_6;25,0
I_8_1_120_7;25,0
I_8_1_120_29;25,0
I_8_1_120_30;25,0
beta_8_1_120_8_32;25,0
I_8_1_120_34;25,0
I_8_1_120_35;25,0
I_8_1_120_36;25,0
v_1_120_3;1,0
s_1_120_3;1,0
s_81_120_3;1,0
v_211_120_3;0,05507794048181385
s_211_120_3;1,0
v_239_120_3;1,0
s_239_120_3;1,0
I_1_1_121_2;25,0
beta_1_1_121_1_10;25,0
beta_6_1_121_6_4;25,000000000000014
I_6_1_121_24;25,0
I_6_1_121_41;16,25000000000002
I_6_1_121_42;25,0
I_6_1_121_44;25,0
I_6_1_121_48;25,0
z_8_1_121_2;1,0
y_8_1_121_2;25,0
z_8_1_121_5;1,0
y_8_1_121_5;25,0
I_8_1_121_6;25,0
I_8_1_121_7;25,0
z_8_1_121_10;1,0
y_8_1_121_10;25,0
z_8_1_121_12;1,0
y_8_1_121_12;25,0
z_8_1_121_16;1,0
y_8_1_121_16;25,0
I_8_1_121_29;25,0
I_8_1_121_30;25,0
I_8_1_121_34;25,0
I_8_1_121_35;25,0
beta_8_1_121_8_36;25,0
a_207_121_3;0,7733097657976138
n_207_121_3;0,7733097657976138
f_1_122;34,24657534246575
x_1_1_122;34,24657534246575
c_1_1_122;2,0
I_1_1_122_2;25,0
c_5_1_122;2,0
f_6_122;126,24999999999997
wC_6_122;1,1102230246251565e-16
x_6_1_122;126,24999999999997
c_6_1_122;9,0
I_6_1_122_24;25,0
beta_6_1_122_6_38;25,000000000000014
I_6_1_122_41;16,25000000000004
I_6_1_122_42;25,0
I_6_1_122_44;25,0
I_6_1_122_46;25,0
I_6_1_122_47;22,08749999999999
I_6_1_122_48;25,0
c_8_1_122;2,0
beta_8_1_122_8_6;25,0
beta_8_1_122_8_7;25,0
I_8_1_122_17;25,0
I_8_1_122_18;23,01249999999999
beta_8_1_122_8_18;1,9875000000000114
I_8_1_122_19;25,0
I_8_1_122_20;25,0
I_8_1_122_21;25,0
I_8_1_122_22;25,0
I_8_1_122_23;25,0
beta_8_1_122_8_29;25,0
I_8_1_122_30;25,0
I_8_1_122_34;25,0
I_8_1_122_35;25,0
beta_8_1_122_8_39;25,0
a_2_122_3;1,0
n_2_122_3;1,0
v_117_122_3;1,0
s_117_122_3;1,0
v_215_122_3;0,273972602739726
s_215_122_3;1,0
a_248_122_3;0,8283477774671513
n_248_122_3;0,8283477774671513
I_1_1_123_2;25,0
z_1_1_123_9;1,0
y_1_1_123_9;25,0
z_6_1_123_8;1,0
y_6_1_123_8;25,0
I_6_1_123_24;25,0
z_6_1_123_27;1,0
y_6_1_123_27;25,0
z_6_1_123_30;1,0
y_6_1_123_30;17,162499999999977
z_6_1_123_39;1,0
y_6_1_123_39;25,0
I_6_1_123_41;16,250000000000057
I_6_1_123_42;25,0
I_6_1_123_44;25,0
I_6_1_123_46;25,0
I_6_1_123_47;22,08749999999999
beta_6_1_123_6_48;25,0
I_8_1_123_17;25,0
I_8_1_123_18;23,01249999999999
I_8_1_123_19;25,0
I_8_1_123_20;25,0
I_8_1_123_21;25,0
I_8_1_123_22;25,0
I_8_1_123_23;25,0
I_8_1_123_30;25,0
I_8_1_123_34;25,0
I_8_1_123_35;25,0
s_94_123_3;1,0
a_195_123_3;0,7209805335255949
n_195_123_3;0,7209805335255949
I_1_1_124_2;25,0
beta_6_1_124_6_24;25,0
I_6_1_124_41;16,250000000000057
I_6_1_124_42;25,0
I_6_1_124_44;25,0
I_6_1_124_46;25,0
I_6_1_124_47;22,08749999999999
f_8_124;119,86301369863014
x_8_1_124;119,86301369863014
c_8_1_124;6,0
I_8_1_124_17;25,0
I_8_1_124_18;23,01249999999999
beta_8_1_124_8_19;25,0
I_8_1_124_20;25,0
I_8_1_124_21;25,0
I_8_1_124_22;25,0
I_8_1_124_23;25,0
beta_8_1_124_8_30;25,0
I_8_1_124_34;25,0
beta_8_1_124_8_35;25,0
a_26_124_3;0,928720687253448
n_26_124_3;0,928720687253448
s_62_124_3;1,0
v_207_124_3;0,7733097657976138
s_207_124_3;1,0
beta_1_1_125_1_2;25,0
f_6_125;273,972602739726
x_6_1_125;273,972602739726
c_6_1_125;14,0
beta_6_1_125_6_41;16,250000000000057
I_6_1_125_42;25,0
I_6_1_125_44;25,0
beta_6_1_125_6_46;25,000000000000014
beta_6_1_125_6_47;22,08749999999999
z_8_1_125_17;1,0
y_8_1_125_17;12,5
I_8_1_125_17;25,0
I_8_1_125_18;23,01249999999999
I_8_1_125_20;25,0
I_8_1_125_21;25,0
I_8_1_125_22;25,0
I_8_1_125_23;25,0
z_8_1_125_25;1,0
y_8_1_125_25;25,0
I_8_1_125_28;25,0
I_8_1_125_31;25,0
I_8_1_125_32;25,0
z_8_1_125_34;1,0
y_8_1_125_34;25,0
I_8_1_125_34;25,0
z_8_1_125_35;1,0
y_8_1_125_35;25,0
I_8_1_125_37;25,0
I_8_1_125_40;25,0
v_2_125_3;1,0
s_2_125_3;1,0
v_248_125_3;0,8283477774671513
s_248_125_3;1,0
c_1_1_126;48,0
z_6_1_126_14;1,0
y_6_1_126_14;25,0
z_6_1_126_28;1,0
y_6_1_126_28;25,0
z_6_1_126_41;1,0
y_6_1_126_41;25,0
z_6_1_126_42;1,0
y_6_1_126_42;25,0
beta_6_1_126_6_42;25,0
I_6_1_126_43;25,0
I_6_1_126_44;25,0
z_6_1_126_45;1,0
y_6_1_126_45;25,0
z_6_1_126_46;1,0
y_6_1_126_46;25,0
z_6_1_126_47;1,0
y_6_1_126_47;25,0
z_6_1_126_48;1,0
y_6_1_126_48;25,0
I_6_1_126_49;22,274999999999874
wE_6_1_126_49;1,5987211554602254e-13
I_6_1_126_50;25,0
I_6_1_126_51;25,0
I_6_1_126_52;25,0
f_8_126;102,73972602739727
x_8_1_126;102,73972602739727
c_8_1_126;6,0
I_8_1_126_17;25,0
I_8_1_126_18;23,01249999999999
beta_8_1_126_8_20;25,0
I_8_1_126_21;25,0
I_8_1_126_22;25,0
I_8_1_126_23;25,0
I_8_1_126_28;25,0
beta_8_1_126_8_31;25,0
I_8_1_126_32;25,0
beta_8_1_126_8_34;25,0
I_8_1_126_37;25,0
I_8_1_126_40;25,0
a_12_126_3;0,23544578202112587
n_12_126_3;0,23544578202112587
v_195_126_3;0,7209805335255949
s_195_126_3;1,0
a_246_126_3;0,9146225715045025
n_246_126_3;0,9146225715045023
f_6_127;136,9863013698836
x_6_1_127;136,9863013698836
c_6_1_127;7,0
beta_6_1_127_6_24;25,0
I_6_1_127_29;25,0
I_6_1_127_33;25,0
I_6_1_127_36;25,0
I_6_1_127_43;25,0
beta_6_1_127_6_44;25,0
I_6_1_127_49;22,274999999999896
I_6_1_127_50;25,0
I_6_1_127_51;25,0
I_6_1_127_52;25,0
beta_8_1_127_8_17;25,0
beta_8_1_127_8_18;23,01249999999999
I_8_1_127_21;25,0
beta_8_1_127_8_22;25,0
I_8_1_127_23;25,0
I_8_1_127_28;25,0
z_8_1_127_32;1,0
y_8_1_127_32;25,0
I_8_1_127_32;25,0
z_8_1_127_37;1,0
y_8_1_127_37;25,0
I_8_1_127_37;25,0
z_8_1_127_40;1,0
y_8_1_127_40;25,0
I_8_1_127_40;25,0
v_26_127_3;0,928720687253448
s_26_127_3;1,0
z_6_1_128_7;1,0
y_6_1_128_7;25,0
z_6_1_128_11;1,0
y_6_1_128_11;25,0
z_6_1_128_13;1,0
y_6_1_128_13;25,0
I_6_1_128_29;25,0
z_6_1_128_33;1,0
y_6_1_128_33;25,0
I_6_1_128_33;25,0
I_6_1_128_36;25,0
I_6_1_128_43;25,0
I_6_1_128_49;22,274999999999917
I_6_1_128_50;25,0
I_6_1_128_51;25,0
I_6_1_128_52;25,0
beta_8_1_128_8_21;25,0
beta_8_1_128_8_23;25,0
beta_8_1_128_8_28;25,0
I_8_1_128_32;25,0
I_8_1_128_37;25,0
I_8_1_128_40;25,0
a_110_128_3;0,5591277606933185
n_110_128_3;0,5591277606933182
s_121_128_3;1,0
s_168_128_3;1,0
a_247_128_3;0,18758736371260892
n_247_128_3;0,18758736371260892
a_267_128_3;0,9999999999999996
n_267_128_3;0,9999999999999996
f_6_129;32,373795027904805
x_6_1_129;32,373795027904805
c_6_1_129;2,0
beta_6_1_129_6_29;25,000000000000014
I_6_1_129_33;25,0
I_6_1_129_36;25,0
I_6_1_129_43;25,0
I_6_1_129_49;22,274999999999938
I_6_1_129_50;25,0
I_6_1_129_51;25,0
I_6_1_129_52;25,0
f_8_129;168,06189751395232
wC_8_129;1,1102230246251565e-16
x_8_1_129;168,06189751395232
c_8_1_129;9,0
I_8_1_129_2;25,0
I_8_1_129_5;25,0
I_8_1_129_10;25,0
I_8_1_129_12;25,0
I_8_1_129_16;25,0
I_8_1_129_32;25,0
I_8_1_129_37;25,0
I_8_1_129_40;25,0
v_12_129_3;0,23544578202112587
s_12_129_3;1,0
a_46_129_3;0,3813744675952572
n_46_129_3;0,3813744675952572
v_246_129_3;0,9146225715045025
s_246_129_3;1,0
a_279_129_3;1,0
n_279_129_3;1,0
z_6_1_130_31;1,0
y_6_1_130_31;23,63287037037722
I_6_1_130_33;25,0
I_6_1_130_36;25,0
I_6_1_130_43;25,0
I_6_1_130_49;22,27499999999996
I_6_1_130_50;25,0
I_6_1_130_51;25,0
I_6_1_130_52;25,0
beta_8_1_130_8_2;25,0
I_8_1_130_5;25,0
beta_8_1_130_8_10;25,0
beta_8_1_130_8_12;25,0
beta_8_1_130_8_16;25,0
z_8_1_130_18;1,0
y_8_1_130_18;25,0
z_8_1_130_20;1,0
y_8_1_130_20;25,0
z_8_1_130_21;1,0
y_8_1_130_21;25,0
z_8_1_130_22;1,0
y_8_1_130_22;22,685185185185194
z_8_1_130_23;1,0
y_8_1_130_23;25,0
beta_8_1_130_8_32;25,0
beta_8_1_130_8_37;25,0
beta_8_1_130_8_40;25,0
a_162_130_3;1,0
n_162_130_3;1,0
I_1_1_131_9;25,0
f_6_131;205,4794520547945
x_6_1_131;205,4794520547945
c_6_1_131;11,0
I_6_1_131_8;25,0
beta_6_1_131_6_27;25,0
beta_6_1_131_6_30;17,1625
I_6_1_131_33;25,0
I_6_1_131_36;4,252314814814788
beta_6_1_131_6_36;20,74768518518521
beta_6_1_131_6_39;25,000000000000014
I_6_1_131_43;25,0
beta_6_1_131_6_49;22,27499999999998
beta_6_1_131_6_50;25,000000000000014
beta_6_1_131_6_51;25,000000000000014
beta_6_1_131_6_52;25,000000000000014
f_8_131;102,7397260274171
x_8_1_131;102,7397260274171
c_8_1_131;6,0
I_8_1_131_5;25,0
v_110_131_3;0,5591277606933185
s_110_131_3;1,0
a_144_131_3;0,48923679060665365
n_144_131_3;0,48923679060665365
a_190_131_3;1,0
n_190_131_3;1,0
v_247_131_3;0,18758736371260892
s_247_131_3;1,0
v_267_131_3;0,9999999999999996
s_267_131_3;1,0
beta_1_1_132_1_9;25,0
f_6_132;205,4794520547945
wC_6_132;1,1102230246251565e-16
x_6_1_132;205,4794520547945
c_6_1_132;11,0
I_6_1_132_8;25,0
z_6_1_132_24;1,0
y_6_1_132_24;25,0
z_6_1_132_26;1,0
y_6_1_132_26;25,0
z_6_1_132_27;1,0
y_6_1_132_27;25,0
z_6_1_132_29;1,0
y_6_1_132_29;25,0
beta_6_1_132_6_33;25,0
z_6_1_132_36;1,0
y_6_1_132_36;25,0
beta_6_1_132_6_36;4,252314814814788
z_6_1_132_38;1,0
y_6_1_132_38;25,0
beta_6_1_132_6_43;25,0
I_8_1_132_5;25,0
z_8_1_132_19;1,0
y_8_1_132_19;25,0
z_8_1_132_43;1,0
y_8_1_132_43;25,0
z_8_1_132_44;1,0
y_8_1_132_44;25,0
v_46_132_3;0,3813744675952572
s_46_132_3;1,0
v_279_132_3;1,0
s_279_132_3;1,0
a_285_132_3;1,0
n_285_132_3;1,0
s_290_132_3;1,0
c_1_1_133;36,0
z_6_1_133_6;1,0
y_6_1_133_6;25,0
beta_6_1_133_6_8;25,0
z_6_1_133_9;1,0
y_6_1_133_9;25,0
z_6_1_133_30;1,0
y_6_1_133_30;25,0
z_6_1_133_39;1,0
y_6_1_133_39;25,0
z_6_1_133_51;1,0
y_6_1_133_51;25,0
z_6_1_133_52;1,0
y_6_1_133_52;25,0
f_8_133;121,25
x_8_1_133;121,25
c_8_1_133;14,0
I_8_1_133_5;25,0
I_8_1_133_17;12,499999999999972
wE_8_1_133_17;2,842170943040401e-14
wE_8_1_133_25;1,7763568394002505e-14
beta_8_1_133_8_25;24,999999999999982
I_8_1_133_34;25,0
I_8_1_133_35;25,0
a_84_133_3;0,27424684958931533
n_84_133_3;0,27424684958931533
a_137_133_3;0,4348771472059143
n_137_133_3;0,4348771472059143
v_162_133_3;1,0
s_162_133_3;1,0
a_199_133_3;0,24749105938547972
n_199_133_3;0,24749105938547972
c_2_1_134;10,0
c_3_1_134;3,0
c_5_1_134;2,0
f_6_134;182,5
x_6_1_134;182,5
c_6_1_134;12,0
beta_6_1_134_6_14;25,0
beta_6_1_134_6_28;25,0
I_6_1_134_41;25,0
I_6_1_134_42;25,0
I_6_1_134_45;25,0
I_6_1_134_46;25,0
I_6_1_134_47;25,0
I_6_1_134_48;25,0
f_7_134;34,24657534246575
wC_7_134;1,3877787807814457e-17
x_7_1_134;34,24657534246575
c_7_1_134;2,0
c_8_1_134;4,0
beta_8_1_134_8_5;25,0
z_8_1_134_17;1,0
y_8_1_134_17;25,0
I_8_1_134_17;12,5
z_8_1_134_25;1,0
y_8_1_134_25;25,0
z_8_1_134_34;1,0
y_8_1_134_34;25,0
I_8_1_134_34;25,0
z_8_1_134_35;1,0
y_8_1_134_35;13,5125
beta_8_1_134_8_35;25,0
s_124_134_3;1,0
v_144_134_3;0,48923679060665365
s_144_134_3;1,0
v_190_134_3;1,0
s_190_134_3;1,0
s_264_134_3;1,0
f_1_135;127,5
x_1_1_135;127,5
c_1_1_135;7,0
z_6_1_135_5;1,0
y_6_1_135_5;25,0
z_6_1_135_12;1,0
y_6_1_135_12;25,0
z_6_1_135_14;1,0
y_6_1_135_14;12,5
z_6_1_135_16;1,0
y_6_1_135_16;20,724999999999994
I_6_1_135_41;25,0
beta_6_1_135_6_42;25,0
I_6_1_135_45;25,0
I_6_1_135_46;25,0
beta_6_1_135_6_47;25,0
z_6_1_135_48;1,0
y_6_1_135_48;25,0
I_6_1_135_48;25,0
z_6_1_135_49;1,0
y_6_1_135_49;25,0
z_7_1_135_1;1,0
y_7_1_135_1;25,0
I_8_1_135_17;12,5
I_8_1_135_32;25,0
I_8_1_135_34;25,0
I_8_1_135_37;25,0
I_8_1_135_40;25,0
s_22_135_3;1,0
s_222_135_3;1,0
v_285_135_3;1,0
s_285_135_3;1,0
z_1_1_136_32;1,0
y_1_1_136_32;25,0
z_1_1_136_40;1,0
y_1_1_136_40;25,0
z_1_1_136_41;1,0
y_1_1_136_41;18,075
z_1_1_136_45;1,0
y_1_1_136_45;25,0
f_3_136;25,36783358701167
x_3_1_136;25,36783358701167
c_3_1_136;2,0
f_5_136;25,36783358701167
x_5_1_136;25,36783358701167
c_5_1_136;2,0
I_6_1_136_7;25,0
I_6_1_136_11;25,0
I_6_1_136_13;25,0
I_6_1_136_33;25,0
I_6_1_136_41;25,0
I_6_1_136_45;25,0
I_6_1_136_46;25,0
I_6_1_136_48;25,0
f_8_136;68,4931506849315
x_8_1_136;68,4931506849315
c_8_1_136;6,0
beta_8_1_136_8_17;12,500000000000039
beta_8_1_136_8_32;25,0
beta_8_1_136_8_34;25,0
beta_8_1_136_8_37;25,0
beta_8_1_136_8_40;25,0
v_84_136_3;0,27424684958931533
s_84_136_3;1,0
v_137_136_3;0,4348771472059143
s_137_136_3;1,0
v_199_136_3;0,24749105938547972
s_199_136_3;1,0
z_3_1_137_4;1,0
y_3_1_137_4;18,51851851851852
z_5_1_137_13;1,0
y_5_1_137_13;18,51851851851852
I_6_1_137_7;25,0
I_6_1_137_11;25,0
I_6_1_137_13;25,0
beta_6_1_137_6_33;25,0
I_6_1_137_41;25,0
I_6_1_137_45;25,0
I_6_1_137_46;25,0
I_6_1_137_48;25,0
z_8_1_137_7;1,0
y_8_1_137_7;25,0
z_8_1_137_33;1,0
y_8_1_137_33;25,0
I_6_1_138_7;25,0
I_6_1_138_11;25,0
I_6_1_138_13;25,0
I_6_1_138_31;23,63287037037722
I_6_1_138_41;25,0
beta_6_1_138_6_45;25,0
I_6_1_138_46;25,0
I_6_1_138_48;25,0
I_8_1_138_18;25,0
I_8_1_138_20;25,0
I_8_1_138_21;25,0
I_8_1_138_22;22,685185185185215
I_8_1_138_23;25,0
I_6_1_139_7;25,0
I_6_1_139_11;25,0
I_6_1_139_13;25,0
I_6_1_139_31;23,63287037037722
I_6_1_139_41;25,0
I_6_1_139_46;25,0
I_6_1_139_48;25,0
beta_8_1_139_8_18;25,0
I_8_1_139_20;25,0
I_8_1_139_21;25,0
I_8_1_139_22;22,685185185185215
beta_8_1_139_8_23;25,000000000000014
c_1_1_140;100,0
beta_6_1_140_6_7;25,0
I_6_1_140_11;25,0
I_6_1_140_13;1,5020873433968518e-11
beta_6_1_140_6_13;25,0
I_6_1_140_24;25,0
beta_6_1_140_6_26;25,0
I_6_1_140_27;25,0
I_6_1_140_29;25,0
I_6_1_140_31;23,63287037037722
I_6_1_140_36;25,0
I_6_1_140_38;14,81481481481481
beta_6_1_140_6_38;10,18518518518519
beta_6_1_140_6_41;25,0
beta_6_1_140_6_46;25,0
beta_6_1_140_6_48;25,0
I_8_1_140_19;25,0
I_8_1_140_20;25,0
beta_8_1_140_8_21;25,0
I_8_1_140_22;22,685185185185215
I_8_1_140_43;25,0
I_8_1_140_44;25,0
I_6_1_141_6;25,0
I_6_1_141_9;25,0
I_6_1_141_11;25,0
beta_6_1_141_6_13;1,5020873433968518e-11
beta_6_1_141_6_24;25,0
I_6_1_141_27;25,0
I_6_1_141_29;25,0
I_6_1_141_30;25,0
I_6_1_141_31;23,63287037037722
I_6_1_141_36;25,0
beta_6_1_141_6_38;14,81481481481481
I_6_1_141_39;25,0
I_6_1_141_51;25,0
I_6_1_141_52;25,0
I_8_1_141_19;25,0
beta_8_1_141_8_20;25,0
beta_8_1_141_8_22;22,685185185185215
beta_8_1_141_8_43;25,0
I_8_1_141_44;25,0
beta_8_1_141_8_44;1,4480860954790842e-11
I_6_1_142_6;25,0
I_6_1_142_9;25,0
beta_6_1_142_6_11;25,0
beta_6_1_142_6_27;25,0
I_6_1_142_29;25,0
I_6_1_142_30;20,724999999999874
beta_6_1_142_6_30;4,2750000000001265
I_6_1_142_31;23,63287037037722
I_6_1_142_36;25,0
I_6_1_142_39;25,0
I_6_1_142_51;25,0
I_6_1_142_52;25,0
I_8_1_142_17;25,0
I_8_1_142_19;25,0
I_8_1_142_25;25,0
I_8_1_142_34;25,0
I_8_1_142_35;13,512500000000017
I_8_1_142_44;25,0
beta_6_1_143_6_5;25,0
I_6_1_143_6;25,0
I_6_1_143_9;25,0
I_6_1_143_12;25,0
I_6_1_143_14;12,5
beta_6_1_143_6_16;20,724999999999994
I_6_1_143_29;25,0
I_6_1_143_30;20,724999999999874
beta_6_1_143_6_31;23,632870370377336
beta_6_1_143_6_36;25,0
I_6_1_143_39;25,0
beta_6_1_143_6_48;25,0
I_6_1_143_49;25,0
I_6_1_143_51;25,0
I_6_1_143_52;25,0
I_7_1_143_1;18,51851851851852
beta_7_1_143_7_1;6,481481481481481
beta_8_1_143_8_17;25,0
I_8_1_143_19;25,0
I_8_1_143_25;25,0
I_8_1_143_34;25,0
I_8_1_143_35;13,512500000000035
I_8_1_143_44;25,0
I_1_1_144_32;25,0
I_1_1_144_40;25,0
I_1_1_144_41;18,075
I_1_1_144_45;25,0
I_6_1_144_6;25,0
I_6_1_144_9;25,0
beta_6_1_144_6_12;25,0
I_6_1_144_14;12,5
beta_6_1_144_6_29;25,0
beta_6_1_144_6_30;20,724999999999874
beta_6_1_144_6_39;25,0
beta_6_1_144_6_49;25,0
I_6_1_144_51;25,0
I_6_1_144_52;25,0
I_7_1_144_1;18,51851851851852
I_8_1_144_19;25,0
I_8_1_144_25;25,0
I_8_1_144_34;25,0
I_8_1_144_35;13,512500000000053
beta_8_1_144_8_44;25,0
I_1_1_145_32;25,0
I_1_1_145_40;25,0
I_1_1_145_41;18,075
I_1_1_145_45;25,0
I_3_1_145_4;18,51851851851852
I_5_1_145_13;18,51851851851852
I_6_1_145_6;25,0
beta_6_1_145_6_9;25,0
I_6_1_145_14;12,5
I_6_1_145_51;25,0
I_6_1_145_52;25,0
I_7_1_145_1;18,51851851851852
I_8_1_145_7;25,0
beta_8_1_145_8_19;25,0
beta_8_1_145_8_25;25,0
I_8_1_145_33;25,0
I_8_1_145_34;25,0
beta_8_1_145_8_35;13,51250000000007
I_1_1_146_32;0,48240740740740407
beta_1_1_146_14_32;24,517592592592596
beta_1_1_146_14_40;25,0
beta_1_1_146_14_41;18,075
beta_1_1_146_14_45;25,0
beta_3_1_146_14_4;18,51851851851852
beta_5_1_146_14_13;18,51851851851852
beta_6_1_146_14_6;25,00000000000001
I_6_1_146_14;0,46296296296297257
beta_6_1_146_14_14;12,037037037037027
I_6_1_146_51;25,0
I_6_1_146_52;25,0
beta_7_1_146_14_1;18,51851851851852
I_8_1_146_7;25,0
I_8_1_146_33;25,0
I_8_1_146_34;25,0
c_1_1_147;200,0
beta_1_1_147_1_32;0,48240740740740407
beta_6_1_147_6_14;0,46296296296297257
beta_6_1_147_6_51;25,0
beta_6_1_147_6_52;25,0
beta_8_1_147_8_7;25,0
I_8_1_147_33;25,0
beta_8_1_147_8_34;25,0
beta_8_1_148_8_33;25,0
s_232_151_3;1,0
gamma_12_1_73;1,4168222151056403e-10
gamma_14_1_73;1,4168222151056403e-10
gamma_15_1_73;1,4168222151056403e-10
gamma_18_1_73;1,7710277688820505e-10
gamma_8_1_75;52,925
gamma_6_1_76;18,987499999999983
gamma_8_1_76;21,262499999999996
gamma_8_1_79;12,5
gamma_6_1_80;75,0
gamma_13_1_81;1,4168222151056403e-10
gamma_5_1_82;3,7699621202591516e-11
gamma_12_1_82;5,387335022533082e-10
gamma_15_1_82;5,387335022533082e-10
gamma_16_1_82;2,693667511266541e-10
gamma_18_1_82;3,5915566816887216e-10
gamma_11_1_83;5,296385552355789e-10
gamma_12_1_83;5,296385552355789e-10
gamma_13_1_83;1,2542855643005169e-10
gamma_14_1_83;185,18518518518522
gamma_16_1_83;2,6481927761778944e-10
gamma_17_1_83;3,530923701570526e-10
gamma_13_1_84;5,478284492710375e-10
gamma_14_1_84;5,205436082178496e-10
gamma_16_1_84;2,739142246355187e-10
gamma_17_1_84;5,478284492710375e-10
gamma_11_1_85;2,739142246355187e-10
gamma_12_1_85;2,7846169814438337e-10
gamma_14_1_85;5,205436082178496e-10
gamma_11_1_86;2,750510930127349e-10
gamma_14_1_86;5,296385552355789e-10
gamma_16_1_86;2,7846169814438337e-10
gamma_17_1_86;3,712822641925112e-10
gamma_1_1_87;57,407407407407476
gamma_11_1_87;2,7817748105007933e-10
gamma_12_1_87;5,591971330431991e-10
gamma_13_1_87;2,7959856652159953e-10
gamma_14_1_87;5,415756731963486e-10
gamma_17_1_87;3,727980886954661e-10
gamma_18_1_87;6,989964163039989e-10
gamma_11_1_88;2,835776058418561e-10
gamma_14_1_88;5,398703706305243e-10
gamma_15_1_88;1,8905173722790408e-10
gamma_17_1_88;5,580602646659829e-10
gamma_18_1_88;5,580602646659829e-10
gamma_1_1_89;1,4564349726242654e-11
gamma_6_1_89;37,96296296296296
gamma_1_1_90;7,407407407407405
gamma_8_1_90;12,5
gamma_14_1_91;185,1851851851852
gamma_6_1_92;50,000000000000014
gamma_8_1_92;47,57731481481483
gamma_6_1_93;25,0
gamma_8_1_93;50,0
gamma_8_1_94;27,422685185185188
gamma_6_1_95;20,0
gamma_8_1_95;25,0
gamma_14_1_96;150,0
gamma_1_1_97;25,0
gamma_6_1_97;5,0
gamma_7_1_97;6,481481481481481
gamma_14_1_97;100,0
gamma_8_1_98;112,50000000000003
gamma_8_1_100;50,000000000014495
gamma_6_1_101;25,0
gamma_8_1_102;95,2625000000001
gamma_6_1_103;50,0
gamma_8_1_103;25,000000000000014
gamma_6_1_104;125,00000000001432
gamma_8_1_104;25,0
gamma_6_1_105;25,0
gamma_8_1_105;39,70000000000185
gamma_8_1_106;185,18518518518516
gamma_11_1_107;2,872013737942326e-10
gamma_12_1_107;5,648814749292799e-10
gamma_13_1_107;2,872013737942326e-10
gamma_14_1_107;5,596234586846551e-10
gamma_15_1_107;5,648814749292799e-10
gamma_18_1_107;3,8899846307079637e-10
gamma_8_1_108;185,18518518524218
gamma_12_1_108;2,716582514494804e-10
gamma_14_1_108;5,432809757621728e-10
gamma_18_1_108;5,417888360170766e-10
gamma_1_1_109;25,0
gamma_8_1_109;22,092129629644248
gamma_11_1_109;2,821565203703359e-10
gamma_14_1_109;5,421441073849566e-10
gamma_16_1_109;1,8810434691355728e-10
gamma_17_1_109;5,552180937229425e-10
gamma_6_1_110;110,1851851851852
gamma_8_1_110;25,0
gamma_6_1_111;65,46296296296296
gamma_8_1_111;25,0
gamma_6_1_112;25,0
gamma_8_1_112;62,5
gamma_8_1_113;12,5
gamma_14_1_113;172,6851851851852
gamma_8_1_115;50,0
gamma_14_1_115;77,31481481481481
gamma_8_1_116;109,5
gamma_6_1_117;9,537037037037038
gamma_8_1_117;100,0
gamma_6_1_118;25,0
gamma_6_1_119;25,0
gamma_1_1_120;25,0
gamma_6_1_120;25,0
gamma_8_1_120;25,0
gamma_1_1_121;25,0
gamma_6_1_121;25,000000000000014
gamma_8_1_121;25,0
gamma_6_1_122;25,000000000015042
gamma_8_1_122;101,98750000000001
gamma_6_1_123;25,0
gamma_6_1_124;25,0
gamma_8_1_124;75,0
gamma_1_1_125;25,0
gamma_6_1_125;63,33750000000006
gamma_6_1_126;25,0
gamma_8_1_126;75,0
gamma_6_1_127;50,0
gamma_8_1_127;73,01249999999999
gamma_8_1_128;75,0
gamma_6_1_129;25,000000000000014
gamma_8_1_130;175,0
gamma_6_1_131;185,18518518523962
gamma_12_1_131;5,557865279115506e-10
gamma_13_1_131;2,773958840407432e-10
gamma_15_1_131;5,66018343306496e-10
gamma_16_1_131;2,710009994189023e-10
gamma_17_1_131;5,387335022533082e-10
gamma_1_1_132;25,0
gamma_6_1_132;54,25231481481479
gamma_11_1_132;5,66018343306496e-10
gamma_12_1_132;5,66018343306496e-10
gamma_15_1_132;5,66018343306496e-10
gamma_16_1_132;2,83009171653248e-10
gamma_17_1_132;3,7734556220433073e-10
gamma_18_1_132;3,7734556220433073e-10
gamma_6_1_133;25,00000000004745
gamma_8_1_133;25,000000000048743
gamma_12_1_133;4,926903329760537e-10
gamma_13_1_133;2,4364510409213846e-10
gamma_14_1_133;2,360422968195054e-10
gamma_15_1_133;5,141487235960087e-10
gamma_16_1_133;4,884270765614931e-10
gamma_17_1_133;4,916955731459895e-10
gamma_18_1_133;9,450218385609337e-10
gamma_6_1_134;50,0
gamma_8_1_134;50,0
gamma_12_1_134;5,682920800609283e-10
gamma_15_1_134;5,682920800609283e-10
gamma_16_1_134;2,8414604003046417e-10
gamma_6_1_135;50,0
gamma_11_1_135;5,499600774783178e-10
gamma_12_1_135;5,499600774783178e-10
gamma_15_1_135;5,59055024496047e-10
gamma_16_1_135;2,749800387391589e-10
gamma_17_1_135;3,727033496640314e-10
gamma_8_1_136;112,50000000000004
gamma_11_1_136;5,644551492878238e-10
gamma_13_1_136;2,8272495455894397e-10
gamma_14_1_136;5,529443569685102e-10
gamma_15_1_136;5,599076757789592e-10
gamma_16_1_136;2,822275746439119e-10
gamma_18_1_136;3,7630343285854927e-10
gamma_6_1_137;25,00000000002926
gamma_11_1_137;1,4310330698208423e-10
gamma_12_1_137;2,958699951705058e-10
gamma_14_1_137;2,8393287720973614e-10
gamma_15_1_137;3,015543370565866e-10
gamma_16_1_137;1,507771685282933e-10
gamma_18_1_137;3,598898956624909e-10
gamma_6_1_138;25,0
gamma_12_1_138;2,822986289174879e-10
gamma_14_1_138;5,358202770366918e-10
gamma_15_1_138;1,8668326144203708e-10
gamma_16_1_138;1,872280108727865e-10
gamma_18_1_138;3,74456021745573e-10
gamma_8_1_139;50,000000000000014
gamma_11_1_139;2,8059332635166367e-10
gamma_12_1_139;2,842526214408282e-10
gamma_14_1_139;5,44417844139389e-10
gamma_15_1_139;1,8343844961539928e-10
gamma_17_1_139;5,65734126212192e-10
gamma_6_1_140;160,1851851851852
gamma_8_1_140;25,0
gamma_13_1_140;2,8258284601179195e-10
gamma_14_1_140;5,509548373083819e-10
gamma_16_1_140;1,8838856400786132e-10
gamma_17_1_140;5,651656920235839e-10
gamma_18_1_140;3,7677712801572265e-10
gamma_6_1_141;39,81481481482983
gamma_8_1_141;72,6851851851997
gamma_13_1_141;2,8173019472887983e-10
gamma_14_1_141;5,492495347425577e-10
gamma_16_1_141;1,8630430531629837e-10
gamma_17_1_141;5,58912915948895e-10
gamma_6_1_142;54,27500000000013
gamma_11_1_142;2,8130386908742377e-10
gamma_14_1_142;5,512390544026859e-10
gamma_17_1_142;5,626077381748475e-10
gamma_6_1_143;119,35787037037733
gamma_7_1_143;6,481481481481481
gamma_8_1_143;25,0
gamma_6_1_144;120,72499999999988
gamma_8_1_144;25,0
gamma_6_1_145;25,0
gamma_8_1_145;63,512500000000074
gamma_14_1_146;185,1851851851852
gamma_1_1_147;0,48240740740740407
gamma_6_1_147;50,462962962962976
gamma_8_1_147;50,0
gamma_8_1_148;25,0
alpha_1_1;1,0
alpha_2_1;1,0
gamma_14_2_73;1,0530243343964687e-10
gamma_16_2_73;1,0530243343964687e-10
gamma_17_2_73;1,0530243343964687e-10
gamma_16_2_74;1,0530243343964687e-10
gamma_17_2_74;1,0530243343964687e-10
gamma_18_2_74;2,1060486687929375e-10
gamma_14_2_75;1,0530243343964687e-10
gamma_16_2_75;1,0530243343964687e-10
gamma_17_2_75;1,0530243343964687e-10
gamma_18_2_75;2,1060486687929375e-10
gamma_17_2_76;1,0530243343964687e-10
gamma_14_2_77;1,0530243343964687e-10
gamma_14_2_78;1,0530243343964687e-10
gamma_16_2_78;1,0530243343964687e-10
gamma_17_2_78;1,0530243343964687e-10
gamma_14_2_79;1,0530243343964687e-10
gamma_14_2_80;1,0530243343964687e-10
gamma_16_2_80;1,0530243343964687e-10
gamma_17_2_80;1,0530243343964687e-10
gamma_18_2_80;2,1060486687929375e-10
gamma_16_2_81;1,0530243343964687e-10
gamma_12_2_82;1,0530243343964687e-10
gamma_13_2_82;1,0530243343964687e-10
gamma_16_2_82;2,1060486687929375e-10
gamma_18_2_82;3,3651303965598355e-10
gamma_11_2_83;1,0530243343964687e-10
gamma_12_2_83;1,0530243343964687e-10
gamma_13_2_83;1,0530243343964687e-10
gamma_15_2_83;1,0530243343964687e-10
gamma_16_2_83;2,196998138970231e-10
gamma_17_2_83;2,1060486687929375e-10
gamma_11_2_84;1,0530243343964687e-10
gamma_12_2_84;1,0530243343964687e-10
gamma_14_2_84;1,6825651982799178e-10
gamma_15_2_84;1,0530243343964687e-10
gamma_16_2_84;2,151523403881584e-10
gamma_17_2_84;2,151523403881584e-10
gamma_18_2_84;3,4788172342814515e-10
gamma_12_2_85;1,0530243343964687e-10
gamma_13_2_85;1,075761701940792e-10
gamma_14_2_85;1,7166712495964026e-10
gamma_15_2_85;1,0530243343964687e-10
gamma_16_2_85;2,151523403881584e-10
gamma_18_2_85;3,433342499192805e-10
gamma_12_2_86;1,0530243343964687e-10
gamma_14_2_86;1,6825651982799178e-10
gamma_15_2_86;1,0530243343964687e-10
gamma_16_2_86;2,1060486687929375e-10
gamma_18_2_86;3,3651303965598355e-10
gamma_12_2_87;1,0530243343964687e-10
gamma_13_2_87;1,0530243343964687e-10
gamma_14_2_87;1,6825651982799178e-10
gamma_15_2_87;1,0530243343964687e-10
gamma_16_2_87;2,1060486687929375e-10
gamma_17_2_87;2,1060486687929375e-10
gamma_18_2_87;3,3651303965598355e-10
gamma_13_2_88;1,1212364370294387e-10
gamma_15_2_88;1,0530243343964687e-10
gamma_16_2_88;2,2424728740588775e-10
gamma_17_2_88;2,2424728740588775e-10
gamma_13_2_89;1,0530243343964687e-10
gamma_15_2_89;1,0530243343964687e-10
gamma_16_2_89;2,1060486687929375e-10
gamma_18_2_89;3,3651303965598355e-10
gamma_11_2_90;1,0530243343964687e-10
gamma_12_2_90;1,0530243343964687e-10
gamma_13_2_90;1,0530243343964687e-10
gamma_17_2_90;2,1060486687929375e-10
gamma_18_2_90;3,3651303965598355e-10
gamma_14_2_91;1,7166712495964026e-10
gamma_15_2_91;1,0530243343964687e-10
gamma_16_2_91;2,1060486687929375e-10
gamma_17_2_91;2,1060486687929375e-10
gamma_12_2_92;1,0530243343964687e-10
gamma_15_2_92;1,0530243343964687e-10
gamma_16_2_92;2,1060486687929375e-10
gamma_18_2_92;3,3651303965598355e-10
gamma_12_2_93;1,1212364370294387e-10
gamma_15_2_93;1,1212364370294387e-10
gamma_16_2_93;2,151523403881584e-10
gamma_17_2_93;2,151523403881584e-10
gamma_18_2_93;3,433342499192805e-10
gamma_11_2_94;1,0530243343964687e-10
gamma_12_2_94;1,0530243343964687e-10
gamma_13_2_94;1,0530243343964687e-10
gamma_15_2_94;1,0530243343964687e-10
gamma_16_2_94;2,1060486687929375e-10
gamma_17_2_94;2,1060486687929375e-10
gamma_18_2_94;3,3651303965598355e-10
gamma_11_2_95;1,0530243343964687e-10
gamma_12_2_95;1,0530243343964687e-10
gamma_13_2_95;1,0530243343964687e-10
gamma_14_2_95;1,6825651982799178e-10
gamma_15_2_95;1,0530243343964687e-10
gamma_16_2_95;2,1060486687929375e-10
gamma_17_2_95;2,1060486687929375e-10
gamma_11_2_96;1,0530243343964687e-10
gamma_12_2_96;1,0530243343964687e-10
gamma_15_2_96;1,0530243343964687e-10
gamma_17_2_96;2,151523403881584e-10
gamma_14_2_97;1,6825651982799178e-10
gamma_15_2_97;1,0530243343964687e-10
gamma_16_2_97;2,1060486687929375e-10
gamma_12_2_98;1,0530243343964687e-10
gamma_13_2_98;1,0530243343964687e-10
gamma_14_2_98;1,6825651982799178e-10
gamma_15_2_98;1,0530243343964687e-10
gamma_18_2_98;3,3651303965598355e-10
gamma_11_2_99;1,0530243343964687e-10
gamma_13_2_99;1,0530243343964687e-10
gamma_14_2_99;1,6825651982799178e-10
gamma_16_2_99;2,1060486687929375e-10
gamma_18_2_99;3,3651303965598355e-10
gamma_12_2_100;1,075761701940792e-10
gamma_13_2_100;1,075761701940792e-10
gamma_14_2_100;1,6825651982799178e-10
gamma_15_2_100;1,075761701940792e-10
gamma_16_2_100;2,151523403881584e-10
gamma_17_2_100;2,151523403881584e-10
gamma_18_2_100;3,433342499192805e-10
gamma_11_2_101;1,0984990694851155e-10
gamma_12_2_101;1,075761701940792e-10
gamma_15_2_101;1,075761701940792e-10
gamma_16_2_101;2,1060486687929375e-10
gamma_18_2_101;3,3651303965598355e-10
gamma_11_2_102;1,0530243343964687e-10
gamma_12_2_102;1,0530243343964687e-10
gamma_13_2_102;1,075761701940792e-10
gamma_14_2_102;1,7166712495964026e-10
gamma_15_2_102;1,0530243343964687e-10
gamma_11_2_103;1,0984990694851155e-10
gamma_13_2_103;1,0530243343964687e-10
gamma_14_2_103;1,6825651982799178e-10
gamma_15_2_103;1,0530243343964687e-10
gamma_16_2_103;2,1060486687929375e-10
gamma_17_2_103;2,1060486687929375e-10
gamma_11_2_104;1,0984990694851155e-10
gamma_13_2_104;1,0530243343964687e-10
gamma_15_2_104;1,0984990694851155e-10
gamma_16_2_104;2,1060486687929375e-10
gamma_12_2_105;1,0530243343964687e-10
gamma_13_2_105;1,0530243343964687e-10
gamma_14_2_105;1,6825651982799178e-10
gamma_16_2_105;2,1060486687929375e-10
gamma_11_2_106;1,0530243343964687e-10
gamma_13_2_106;1,0530243343964687e-10
gamma_14_2_106;1,6825651982799178e-10
gamma_16_2_106;2,1060486687929375e-10
gamma_17_2_106;2,1060486687929375e-10
gamma_12_2_107;1,0530243343964687e-10
gamma_13_2_107;1,0530243343964687e-10
gamma_14_2_107;1,6825651982799178e-10
gamma_15_2_107;1,0530243343964687e-10
gamma_16_2_107;2,1060486687929375e-10
gamma_12_2_108;1,0530243343964687e-10
gamma_13_2_108;1,0530243343964687e-10
gamma_14_2_108;1,6825651982799178e-10
gamma_15_2_108;1,0530243343964687e-10
gamma_16_2_108;2,1060486687929375e-10
gamma_18_2_108;3,3651303965598355e-10
gamma_13_2_109;1,0530243343964687e-10
gamma_14_2_109;1,8303580873180186e-10
gamma_15_2_109;1,0530243343964687e-10
gamma_16_2_109;2,1060486687929375e-10
gamma_12_2_110;1,075761701940792e-10
gamma_13_2_110;1,0530243343964687e-10
gamma_15_2_110;1,075761701940792e-10
gamma_16_2_110;2,1060486687929375e-10
gamma_17_2_110;2,1060486687929375e-10
gamma_18_2_110;3,547029336914421e-10
gamma_13_2_111;1,1098677532572771e-10
gamma_14_2_111;1,7280399333685642e-10
gamma_15_2_111;1,1212364370294387e-10
gamma_16_2_111;2,2197355065145543e-10
gamma_17_2_111;2,2197355065145543e-10
gamma_18_2_111;3,637978807091714e-10
gamma_15_2_112;1,1212364370294387e-10
gamma_16_2_112;2,1060486687929375e-10
gamma_18_2_112;3,3651303965598355e-10
gamma_11_2_113;1,0672351891116707e-10
gamma_13_2_113;1,075761701940792e-10
gamma_14_2_113;1,6825651982799178e-10
gamma_15_2_113;1,075761701940792e-10
gamma_16_2_113;2,151523403881584e-10
gamma_12_2_114;1,1041834113711963e-10
gamma_14_2_114;1,6825651982799178e-10
gamma_15_2_114;1,1041834113711963e-10
gamma_17_2_114;2,1060486687929375e-10
gamma_18_2_114;3,3651303965598355e-10
gamma_11_2_115;1,0530243343964687e-10
gamma_12_2_115;1,0530243343964687e-10
gamma_14_2_115;1,7280399333685642e-10
gamma_15_2_115;1,0530243343964687e-10
gamma_16_2_115;2,1060486687929375e-10
gamma_11_2_116;1,0530243343964687e-10
gamma_12_2_116;1,0530243343964687e-10
gamma_13_2_116;1,0530243343964687e-10
gamma_16_2_116;2,1060486687929375e-10
gamma_18_2_116;3,3651303965598355e-10
gamma_11_2_117;1,0530243343964687e-10
gamma_12_2_117;1,0530243343964687e-10
gamma_13_2_117;1,0530243343964687e-10
gamma_14_2_117;1,6825651982799178e-10
gamma_15_2_117;1,0530243343964687e-10
gamma_16_2_117;2,1060486687929375e-10
gamma_17_2_117;2,1060486687929375e-10
gamma_18_2_117;3,3651303965598355e-10
gamma_11_2_118;1,0530243343964687e-10
gamma_12_2_118;1,0984990694851155e-10
gamma_13_2_118;1,0530243343964687e-10
gamma_15_2_118;1,0984990694851155e-10
gamma_16_2_118;2,1060486687929375e-10
gamma_18_2_118;3,3651303965598355e-10
gamma_11_2_119;1,0530243343964687e-10
gamma_12_2_119;1,1212364370294387e-10
gamma_13_2_119;1,0530243343964687e-10
gamma_14_2_119;1,7166712495964026e-10
gamma_15_2_119;1,1212364370294387e-10
gamma_16_2_119;2,1060486687929375e-10
gamma_18_2_119;3,3651303965598355e-10
gamma_12_2_120;1,1496581464598427e-10
gamma_13_2_120;1,1212364370294387e-10
gamma_17_2_120;2,2424728740588775e-10
gamma_18_2_120;3,615241439547391e-10
gamma_11_2_121;1,075761701940792e-10
gamma_12_2_121;1,166711172118085e-10
gamma_15_2_121;1,2576606422953778e-10
gamma_16_2_121;2,151523403881584e-10
gamma_17_2_121;2,151523403881584e-10
gamma_18_2_121;3,433342499192805e-10
gamma_12_2_122;1,1496581464598427e-10
gamma_14_2_122;1,7280399333685642e-10
gamma_11_2_123;1,075761701940792e-10
gamma_12_2_123;1,075761701940792e-10
gamma_13_2_123;1,075761701940792e-10
gamma_15_2_123;1,075761701940792e-10
gamma_13_2_124;1,1212364370294387e-10
gamma_15_2_124;1,075761701940792e-10
gamma_16_2_124;2,2424728740588775e-10
gamma_11_2_125;1,1212364370294387e-10
gamma_12_2_125;1,166711172118085e-10
gamma_13_2_125;1,1212364370294387e-10
gamma_14_2_125;1,8985701899509882e-10
gamma_15_2_125;1,166711172118085e-10
gamma_16_2_125;2,2424728740588775e-10
gamma_18_2_125;3,615241439547391e-10
gamma_11_2_126;1,1212364370294387e-10
gamma_12_2_126;1,1212364370294387e-10
gamma_13_2_126;1,1212364370294387e-10
gamma_14_2_126;1,8076207197736954e-10
gamma_18_2_126;3,615241439547391e-10
gamma_11_2_127;1,1212364370294387e-10
gamma_13_2_127;1,1212364370294387e-10
gamma_18_2_127;3,615241439547391e-10
gamma_11_2_128;1,1212364370294387e-10
gamma_12_2_128;1,2121859072067314e-10
gamma_13_2_128;1,1212364370294387e-10
gamma_14_2_128;1,8076207197736954e-10
gamma_15_2_128;1,2121859072067314e-10
gamma_16_2_128;2,2424728740588775e-10
gamma_11_2_129;1,0984990694851155e-10
gamma_12_2_129;1,0984990694851155e-10
gamma_13_2_129;1,075761701940792e-10
gamma_15_2_129;1,0984990694851155e-10
gamma_16_2_129;2,151523403881584e-10
gamma_18_2_129;3,4560798667371283e-10
gamma_11_2_130;1,0984990694851155e-10
gamma_12_2_130;1,143973804573762e-10
gamma_13_2_130;1,075761701940792e-10
gamma_14_2_130;1,8076207197736954e-10
gamma_15_2_130;1,143973804573762e-10
gamma_16_2_130;2,151523403881584e-10
gamma_18_2_130;3,4560798667371283e-10
gamma_13_2_131;1,1098677532572771e-10
gamma_14_2_131;1,7166712495964026e-10
gamma_16_2_131;2,2197355065145543e-10
gamma_12_2_132;1,0984990694851155e-10
gamma_14_2_132;1,7166712495964026e-10
gamma_15_2_132;1,0984990694851155e-10
gamma_16_2_132;2,151523403881584e-10
gamma_17_2_132;2,151523403881584e-10
gamma_14_2_133;1,7166712495964026e-10
gamma_11_2_134;1,0530243343964687e-10
gamma_12_2_134;1,0530243343964687e-10
gamma_16_2_134;2,1060486687929375e-10
gamma_17_2_134;2,1060486687929375e-10
gamma_18_2_134;3,3651303965598355e-10
gamma_12_2_135;1,0530243343964687e-10
gamma_13_2_135;1,0984990694851155e-10
gamma_14_2_135;1,6825651982799178e-10
gamma_16_2_135;2,196998138970231e-10
gamma_17_2_135;2,196998138970231e-10
gamma_18_2_135;3,433342499192805e-10
gamma_11_2_136;1,0530243343964687e-10
gamma_12_2_136;1,0530243343964687e-10
gamma_14_2_136;1,6825651982799178e-10
gamma_16_2_136;2,1287860363372607e-10
gamma_13_2_137;1,0530243343964687e-10
gamma_14_2_137;1,6825651982799178e-10
gamma_16_2_137;2,1060486687929375e-10
gamma_17_2_137;2,1060486687929375e-10
gamma_18_2_137;3,3651303965598355e-10
gamma_12_2_138;1,0530243343964687e-10
gamma_13_2_138;1,1610268302320043e-10
gamma_14_2_138;1,6825651982799178e-10
gamma_15_2_138;1,0530243343964687e-10
gamma_13_2_139;1,166711172118085e-10
gamma_14_2_139;1,6825651982799178e-10
gamma_15_2_139;1,0530243343964687e-10
gamma_16_2_139;2,33342234423617e-10
gamma_17_2_139;2,33342234423617e-10
gamma_11_2_140;1,0530243343964687e-10
gamma_12_2_140;1,075761701940792e-10
gamma_13_2_140;1,0984990694851155e-10
gamma_15_2_140;1,075761701940792e-10
gamma_17_2_140;2,196998138970231e-10
gamma_18_2_140;3,3651303965598355e-10
gamma_11_2_141;1,0530243343964687e-10
gamma_14_2_141;1,6825651982799178e-10
gamma_15_2_141;1,075761701940792e-10
gamma_18_2_141;3,728928277269007e-10
gamma_12_2_142;1,075761701940792e-10
gamma_13_2_142;1,115552095143358e-10
gamma_15_2_142;1,075761701940792e-10
gamma_16_2_142;2,231104190286716e-10
gamma_17_2_142;2,231104190286716e-10
gamma_18_2_142;3,615241439547391e-10
gamma_13_2_143;1,0700773600547111e-10
gamma_16_2_143;2,1401547201094223e-10
gamma_17_2_143;2,1401547201094223e-10
gamma_13_2_144;1,075761701940792e-10
gamma_14_2_144;1,6825651982799178e-10
gamma_15_2_144;1,075761701940792e-10
gamma_17_2_144;2,151523403881584e-10
gamma_11_2_145;1,0984990694851155e-10
gamma_12_2_145;1,0530243343964687e-10
gamma_14_2_145;1,6825651982799178e-10
gamma_15_2_145;1,0530243343964687e-10
gamma_16_2_145;2,1060486687929375e-10
gamma_17_2_145;2,1060486687929375e-10
gamma_18_2_145;3,3651303965598355e-10
gamma_13_2_146;1,075761701940792e-10
gamma_14_2_146;1,6825651982799178e-10
gamma_15_2_146;1,0984990694851155e-10
gamma_16_2_146;2,151523403881584e-10
gamma_18_2_146;3,4560798667371283e-10
gamma_12_2_147;1,0700773600547111e-10
gamma_14_2_147;1,6825651982799178e-10
gamma_16_2_147;2,2424728740588775e-10
gamma_18_2_147;3,615241439547391e-10
gamma_12_2_148;1,075761701940792e-10
gamma_14_2_148;1,6825651982799178e-10
gamma_15_2_148;1,075761701940792e-10
gamma_17_2_148;2,1060486687929375e-10
gamma_18_2_148;3,3651303965598355e-10
gamma_11_2_149;1,075761701940792e-10
gamma_12_2_149;1,0530243343964687e-10
gamma_13_2_149;1,0530243343964687e-10
gamma_14_2_149;1,6825651982799178e-10
gamma_15_2_149;1,0530243343964687e-10
gamma_16_2_149;2,1060486687929375e-10
gamma_18_2_149;3,3651303965598355e-10
gamma_11_2_150;1,1212364370294387e-10
gamma_14_2_150;1,6825651982799178e-10
gamma_16_2_150;2,1401547201094223e-10
gamma_17_2_150;2,1401547201094223e-10
gamma_18_2_150;3,547029336914421e-10
gamma_11_2_151;1,0530243343964687e-10
gamma_14_2_151;1,6825651982799178e-10
gamma_16_2_151;2,151523403881584e-10
gamma_18_2_151;3,4560798667371283e-10
gamma_11_2_152;1,0530243343964687e-10
gamma_12_2_152;1,0984990694851155e-10
gamma_13_2_152;1,075761701940792e-10
gamma_14_2_152;1,6825651982799178e-10
gamma_15_2_152;1,0984990694851155e-10
gamma_16_2_152;2,151523403881584e-10
gamma_17_2_152;2,151523403881584e-10
gamma_18_2_152;3,4560798667371283e-10
gamma_12_2_153;1,075761701940792e-10
gamma_13_2_153;1,1212364370294387e-10
gamma_14_2_153;1,6825651982799178e-10
gamma_15_2_153;1,075761701940792e-10
gamma_16_2_153;2,2424728740588775e-10
gamma_17_2_153;2,2424728740588775e-10
gamma_11_2_154;1,0530243343964687e-10
gamma_12_2_154;1,0530243343964687e-10
gamma_13_2_154;1,0530243343964687e-10
gamma_15_2_154;1,0530243343964687e-10
gamma_16_2_154;2,1060486687929375e-10
gamma_17_2_154;2,1060486687929375e-10
gamma_11_2_155;1,0530243343964687e-10
gamma_14_2_155;1,6825651982799178e-10
gamma_17_2_155;2,1060486687929375e-10
gamma_12_2_156;1,0530243343964687e-10
gamma_13_2_156;1,075761701940792e-10
gamma_14_2_156;1,6825651982799178e-10
gamma_15_2_156;1,0530243343964687e-10
gamma_18_2_156;3,4560798667371283e-10
gamma_11_2_157;1,0530243343964687e-10
gamma_12_2_157;1,0530243343964687e-10
gamma_13_2_157;1,075761701940792e-10
gamma_14_2_157;1,6825651982799178e-10
gamma_15_2_157;1,0530243343964687e-10
gamma_16_2_157;2,196998138970231e-10
gamma_11_2_158;1,0530243343964687e-10
gamma_12_2_158;1,0530243343964687e-10
gamma_13_2_158;1,0530243343964687e-10
gamma_16_2_158;2,1060486687929375e-10
gamma_18_2_158;3,3651303965598355e-10
gamma_11_2_159;1,0530243343964687e-10
gamma_13_2_159;1,0530243343964687e-10
gamma_15_2_159;1,0530243343964687e-10
gamma_16_2_159;2,1060486687929375e-10
gamma_17_2_159;2,196998138970231e-10
gamma_18_2_159;3,547029336914421e-10
gamma_11_2_160;1,0530243343964687e-10
gamma_13_2_160;1,1098677532572771e-10
gamma_14_2_160;1,7166712495964026e-10
gamma_15_2_160;1,0530243343964687e-10
gamma_16_2_160;2,2197355065145543e-10
gamma_18_2_160;3,637978807091714e-10
gamma_12_2_161;1,0530243343964687e-10
gamma_13_2_161;1,0984990694851155e-10
gamma_14_2_161;1,6825651982799178e-10
gamma_15_2_161;1,0530243343964687e-10
gamma_16_2_161;2,196998138970231e-10
gamma_17_2_161;2,196998138970231e-10
gamma_18_2_161;3,3651303965598355e-10
gamma_16_3_73;1,0530243343964687e-10
gamma_17_3_73;1,0530243343964687e-10
gamma_18_3_73;2,1060486687929375e-10
gamma_14_3_74;1,0530243343964687e-10
gamma_16_3_74;1,0530243343964687e-10
gamma_17_3_74;1,0530243343964687e-10
gamma_14_3_75;1,0530243343964687e-10
gamma_16_3_75;1,0530243343964687e-10
gamma_17_3_75;1,0530243343964687e-10
gamma_16_3_76;1,0530243343964687e-10
gamma_14_3_77;1,0530243343964687e-10
gamma_16_3_77;1,0530243343964687e-10
gamma_17_3_77;1,0530243343964687e-10
gamma_14_3_78;1,0530243343964687e-10
gamma_16_3_78;1,0530243343964687e-10
gamma_17_3_78;1,0530243343964687e-10
gamma_18_3_78;2,1060486687929375e-10
gamma_14_3_79;1,0530243343964687e-10
gamma_17_3_79;1,0530243343964687e-10
gamma_18_3_79;2,1060486687929375e-10
gamma_14_3_80;1,0530243343964687e-10
gamma_18_3_80;2,1060486687929375e-10
gamma_14_3_81;1,0530243343964687e-10
gamma_16_3_81;1,0530243343964687e-10
gamma_17_3_81;1,0530243343964687e-10
gamma_18_3_81;2,1060486687929375e-10
gamma_11_3_82;1,1212364370294387e-10
gamma_13_3_82;1,0530243343964687e-10
gamma_15_3_82;1,0984990694851155e-10
gamma_16_3_82;2,1060486687929375e-10
gamma_17_3_82;2,1060486687929375e-10
gamma_18_3_82;3,3793412512750375e-10
gamma_11_3_83;1,0530243343964687e-10
gamma_12_3_83;1,075761701940792e-10
gamma_13_3_83;1,0530243343964687e-10
gamma_14_3_83;1,6896706256375188e-10
gamma_15_3_83;1,075761701940792e-10
gamma_17_3_83;2,1060486687929375e-10
gamma_11_3_84;1,1105782959930372e-10
gamma_12_3_84;1,0530243343964687e-10
gamma_13_3_84;1,0530243343964687e-10
gamma_14_3_84;1,6896706256375188e-10
gamma_16_3_84;2,1060486687929375e-10
gamma_17_3_84;2,1060486687929375e-10
gamma_11_3_85;1,0530243343964687e-10
gamma_12_3_85;1,0530243343964687e-10
gamma_13_3_85;1,0530243343964687e-10
gamma_14_3_85;1,6896706256375188e-10
gamma_15_3_85;1,0530243343964687e-10
gamma_16_3_85;2,1060486687929375e-10
gamma_17_3_85;2,1060486687929375e-10
gamma_18_3_85;3,3793412512750375e-10
gamma_11_3_86;1,075761701940792e-10
gamma_12_3_86;1,0672351891116707e-10
gamma_13_3_86;1,0530243343964687e-10
gamma_16_3_86;2,1060486687929375e-10
gamma_17_3_86;2,1060486687929375e-10
gamma_11_3_87;1,0530243343964687e-10
gamma_12_3_87;1,0530243343964687e-10
gamma_15_3_87;1,0530243343964687e-10
gamma_17_3_87;2,1060486687929375e-10
gamma_13_3_88;1,0984990694851155e-10
gamma_14_3_88;1,7351453607261652e-10
gamma_16_3_88;2,196998138970231e-10
gamma_17_3_88;2,196998138970231e-10
gamma_11_3_89;1,075761701940792e-10
gamma_13_3_89;1,075761701940792e-10
gamma_14_3_89;1,7891466086439328e-10
gamma_15_3_89;1,115552095143358e-10
gamma_18_3_89;3,4702907214523303e-10
gamma_13_3_90;1,0530243343964687e-10
gamma_14_3_90;1,7351453607261652e-10
gamma_15_3_90;1,0700773600547111e-10
gamma_16_3_90;2,1060486687929375e-10
gamma_17_3_90;2,1060486687929375e-10
gamma_18_3_90;3,3793412512750375e-10
gamma_11_3_91;1,0530243343964687e-10
gamma_12_3_91;1,0530243343964687e-10
gamma_14_3_91;1,6896706256375188e-10
gamma_15_3_91;1,0530243343964687e-10
gamma_17_3_91;2,1060486687929375e-10
gamma_11_3_92;1,0530243343964687e-10
gamma_14_3_92;1,6896706256375188e-10
gamma_15_3_92;1,0530243343964687e-10
gamma_16_3_92;2,196998138970231e-10
gamma_17_3_92;2,196998138970231e-10
gamma_18_3_92;3,3935521059902395e-10
gamma_11_3_93;1,0530243343964687e-10
gamma_13_3_93;1,0530243343964687e-10
gamma_15_3_93;1,0672351891116707e-10
gamma_16_3_93;2,1060486687929375e-10
gamma_17_3_93;2,1060486687929375e-10
gamma_18_3_93;3,3793412512750375e-10
gamma_11_3_94;1,0530243343964687e-10
gamma_13_3_94;1,075761701940792e-10
gamma_14_3_94;1,6896706256375188e-10
gamma_16_3_94;2,151523403881584e-10
gamma_17_3_94;2,151523403881584e-10
gamma_11_3_95;1,0530243343964687e-10
gamma_12_3_95;1,0984990694851155e-10
gamma_13_3_95;1,0530243343964687e-10
gamma_14_3_95;1,6896706256375188e-10
gamma_15_3_95;1,0984990694851155e-10
gamma_16_3_95;2,1060486687929375e-10
gamma_18_3_95;3,3793412512750375e-10
gamma_12_3_96;1,0530243343964687e-10
gamma_14_3_96;1,826094830903458e-10
gamma_15_3_96;1,0530243343964687e-10
gamma_16_3_96;2,1060486687929375e-10
gamma_17_3_96;2,1060486687929375e-10
gamma_18_3_96;3,3793412512750375e-10
gamma_11_3_97;1,0530243343964687e-10
gamma_12_3_97;1,0700773600547111e-10
gamma_14_3_97;1,8673063095775438e-10
gamma_16_3_97;2,2424728740588775e-10
gamma_18_3_97;3,629452294262593e-10
gamma_11_3_98;1,0530243343964687e-10
gamma_13_3_98;1,1212364370294387e-10
gamma_14_3_98;1,6896706256375188e-10
gamma_16_3_98;2,2424728740588775e-10
gamma_11_3_99;1,075761701940792e-10
gamma_12_3_99;1,0530243343964687e-10
gamma_13_3_99;1,1269207789155195e-10
gamma_14_3_99;1,6896706256375188e-10
gamma_16_3_99;2,253841557831039e-10
gamma_11_3_100;1,143973804573762e-10
gamma_14_3_100;1,882938249764266e-10
gamma_15_3_100;1,0530243343964687e-10
gamma_17_3_100;2,151523403881584e-10
gamma_11_3_101;1,0530243343964687e-10
gamma_16_3_101;2,151523403881584e-10
gamma_17_3_101;2,151523403881584e-10
gamma_11_3_102;1,0651035609043904e-10
gamma_12_3_102;1,1105782959930372e-10
gamma_13_3_102;1,0984990694851155e-10
gamma_14_3_102;1,9738877199415588e-10
gamma_15_3_102;1,1105782959930372e-10
gamma_16_3_102;2,196998138970231e-10
gamma_17_3_102;2,196998138970231e-10
gamma_11_3_103;1,0992096122208756e-10
gamma_13_3_103;1,0984990694851155e-10
gamma_14_3_103;1,7806200958148116e-10
gamma_15_3_103;1,0651035609043904e-10
gamma_18_3_103;3,3935521059902395e-10
gamma_13_3_104;1,166711172118085e-10
gamma_14_3_104;1,9781509763561194e-10
gamma_15_3_104;1,1105782959930372e-10
gamma_16_3_104;2,33342234423617e-10
gamma_18_3_104;3,7346126191550876e-10
gamma_13_3_105;1,1553424883459235e-10
gamma_14_3_105;1,8573587112769024e-10
gamma_15_3_105;1,1560530310816836e-10
gamma_16_3_105;2,310684976691847e-10
gamma_18_3_105;3,757349986699411e-10
gamma_11_3_106;1,1560530310816836e-10
gamma_12_3_106;1,1560530310816836e-10
gamma_13_3_106;1,1780798558902466e-10
gamma_14_3_106;1,8573587112769024e-10
gamma_15_3_106;1,1560530310816836e-10
gamma_16_3_106;2,356159711780493e-10
gamma_17_3_106;2,356159711780493e-10
gamma_18_3_106;3,8482994568767036e-10
gamma_11_3_107;1,1901590823981683e-10
gamma_13_3_107;1,2008172234345698e-10
gamma_14_3_107;1,9483081814541952e-10
gamma_15_3_107;1,2128964499424915e-10
gamma_16_3_107;2,4016344468691397e-10
gamma_17_3_107;2,4016344468691397e-10
gamma_11_3_108;1,1901590823981683e-10
gamma_12_3_108;1,1901590823981683e-10
gamma_15_3_108;1,1901590823981683e-10
gamma_16_3_108;2,538058652135079e-10
gamma_17_3_108;2,538058652135079e-10
gamma_18_3_108;4,007461029686966e-10
gamma_12_3_109;1,1901590823981683e-10
gamma_14_3_109;2,0619950191758113e-10
gamma_15_3_109;1,1901590823981683e-10
gamma_16_3_109;2,447109181957786e-10
gamma_17_3_109;2,447109181957786e-10
gamma_18_3_109;3,984723662142643e-10
gamma_11_3_110;1,2356338174868147e-10
gamma_12_3_110;1,2128964499424915e-10
gamma_16_3_110;2,447109181957786e-10
gamma_18_3_110;3,9392489270539965e-10
gamma_11_3_111;1,2121859072067314e-10
gamma_12_3_111;1,166711172118085e-10
gamma_13_3_111;1,223554590978893e-10
gamma_16_3_111;2,447109181957786e-10
gamma_17_3_111;2,447109181957786e-10
gamma_12_3_112;1,2121859072067314e-10
gamma_13_3_112;1,1553424883459235e-10
gamma_16_3_112;2,310684976691847e-10
gamma_17_3_112;2,310684976691847e-10
gamma_18_3_112;3,765876499528532e-10
gamma_12_3_113;1,1212364370294387e-10
gamma_14_3_113;1,7919887795869732e-10
gamma_15_3_113;1,1212364370294387e-10
gamma_16_3_113;2,2424728740588775e-10
gamma_17_3_113;2,2424728740588775e-10
gamma_11_3_114;1,075761701940792e-10
gamma_12_3_114;1,075761701940792e-10
gamma_13_3_114;1,0984990694851155e-10
gamma_16_3_114;2,196998138970231e-10
gamma_11_3_115;1,075761701940792e-10
gamma_12_3_115;1,075761701940792e-10
gamma_13_3_115;1,143973804573762e-10
gamma_11_3_116;1,0530243343964687e-10
gamma_12_3_116;1,0530243343964687e-10
gamma_14_3_116;1,7237766769540036e-10
gamma_16_3_116;2,196998138970231e-10
gamma_17_3_116;2,196998138970231e-10
gamma_12_3_117;1,0530243343964687e-10
gamma_15_3_117;1,0530243343964687e-10
gamma_16_3_117;2,1060486687929375e-10
gamma_17_3_117;2,1060486687929375e-10
gamma_14_3_118;1,7806200958148116e-10
gamma_15_3_118;1,075761701940792e-10
gamma_16_3_118;2,1060486687929375e-10
gamma_17_3_118;2,1060486687929375e-10
gamma_18_3_118;3,3793412512750375e-10
gamma_11_3_119;1,0530243343964687e-10
gamma_14_3_119;1,7351453607261652e-10
gamma_15_3_119;1,075761701940792e-10
gamma_17_3_119;2,196998138970231e-10
gamma_18_3_119;3,4077629607054415e-10
gamma_11_3_120;1,0530243343964687e-10
gamma_12_3_120;1,0530243343964687e-10
gamma_14_3_120;1,6896706256375188e-10
gamma_15_3_120;1,0530243343964687e-10
gamma_16_3_120;2,196998138970231e-10
gamma_17_3_120;2,287947609147524e-10
gamma_11_3_121;1,0530243343964687e-10
gamma_15_3_121;1,075761701940792e-10
gamma_17_3_121;2,287947609147524e-10
gamma_18_3_121;3,5214497984270576e-10
gamma_12_3_122;1,0530243343964687e-10
gamma_13_3_122;1,0984990694851155e-10
gamma_14_3_122;1,7010393094096804e-10
gamma_17_3_122;2,196998138970231e-10
gamma_11_3_123;1,0530243343964687e-10
gamma_12_3_123;1,0530243343964687e-10
gamma_13_3_123;1,075761701940792e-10
gamma_15_3_123;1,0530243343964687e-10
gamma_11_3_124;1,075761701940792e-10
gamma_12_3_124;1,075761701940792e-10
gamma_13_3_124;1,075761701940792e-10
gamma_15_3_124;1,075761701940792e-10
gamma_16_3_124;2,151523403881584e-10
gamma_17_3_124;2,151523403881584e-10
gamma_13_3_125;1,075761701940792e-10
gamma_16_3_125;2,151523403881584e-10
gamma_18_3_125;3,4020786188193607e-10
gamma_11_3_126;1,075761701940792e-10
gamma_13_3_126;1,075761701940792e-10
gamma_14_3_126;1,7351453607261652e-10
gamma_15_3_126;1,075761701940792e-10
gamma_16_3_126;2,151523403881584e-10
gamma_18_3_126;3,4020786188193607e-10
gamma_12_3_127;1,075761701940792e-10
gamma_13_3_127;1,075761701940792e-10
gamma_17_3_127;2,151523403881584e-10
gamma_13_3_128;1,1212364370294387e-10
gamma_15_3_128;1,075761701940792e-10
gamma_16_3_128;2,2424728740588775e-10
gamma_11_3_129;1,075761701940792e-10
gamma_12_3_129;1,1212364370294387e-10
gamma_13_3_129;1,075761701940792e-10
gamma_14_3_129;1,8744117369351448e-10
gamma_15_3_129;1,1212364370294387e-10
gamma_16_3_129;2,151523403881584e-10
gamma_11_3_130;1,075761701940792e-10
gamma_12_3_130;1,1212364370294387e-10
gamma_16_3_130;2,2211565919860745e-10
gamma_18_3_130;3,5839775591739464e-10
gamma_12_3_131;1,075761701940792e-10
gamma_13_3_131;1,075761701940792e-10
gamma_14_3_131;1,7919887795869732e-10
gamma_16_3_131;2,151523403881584e-10
gamma_18_3_131;3,4020786188193607e-10
gamma_12_3_132;1,075761701940792e-10
gamma_13_3_132;1,075761701940792e-10
gamma_14_3_132;1,826094830903458e-10
gamma_15_3_132;1,075761701940792e-10
gamma_17_3_132;2,151523403881584e-10
gamma_18_3_132;3,4020786188193607e-10
gamma_12_3_133;1,0530243343964687e-10
gamma_14_3_133;1,7351453607261652e-10
gamma_15_3_133;1,0530243343964687e-10
gamma_16_3_133;2,1060486687929375e-10
gamma_18_3_133;3,3793412512750375e-10
gamma_11_3_134;1,0530243343964687e-10
gamma_12_3_134;1,0530243343964687e-10
gamma_13_3_134;1,0530243343964687e-10
gamma_14_3_134;1,7351453607261652e-10
gamma_15_3_134;1,0530243343964687e-10
gamma_16_3_134;2,1060486687929375e-10
gamma_18_3_134;3,3793412512750375e-10
gamma_12_3_135;1,0530243343964687e-10
gamma_13_3_135;1,0530243343964687e-10
gamma_15_3_135;1,0530243343964687e-10
gamma_18_3_135;3,3793412512750375e-10
gamma_11_3_136;1,0530243343964687e-10
gamma_14_3_136;1,6896706256375188e-10
gamma_16_3_136;2,1060486687929375e-10
gamma_11_3_137;1,0530243343964687e-10
gamma_12_3_137;1,075761701940792e-10
gamma_13_3_137;1,0530243343964687e-10
gamma_15_3_137;1,075761701940792e-10
gamma_16_3_137;2,1060486687929375e-10
gamma_17_3_137;2,1060486687929375e-10
gamma_18_3_137;3,3793412512750375e-10
gamma_16_3_138;2,151523403881584e-10
gamma_17_3_138;2,151523403881584e-10
gamma_18_3_138;3,447553353908007e-10
gamma_11_3_139;1,075761701940792e-10
gamma_12_3_139;1,075761701940792e-10
gamma_13_3_139;1,075761701940792e-10
gamma_16_3_139;2,151523403881584e-10
gamma_18_3_139;3,447553353908007e-10
gamma_11_3_140;1,075761701940792e-10
gamma_13_3_140;1,1212364370294387e-10
gamma_14_3_140;1,7237766769540036e-10
gamma_15_3_140;1,1119993814645574e-10
gamma_16_3_140;2,2424728740588775e-10
gamma_17_3_140;2,2424728740588775e-10
gamma_11_3_141;1,1212364370294387e-10
gamma_12_3_141;1,123368065236719e-10
gamma_13_3_141;1,075761701940792e-10
gamma_14_3_141;1,9056756173085892e-10
gamma_15_3_141;1,123368065236719e-10
gamma_16_3_141;2,151523403881584e-10
gamma_17_3_141;2,151523403881584e-10
gamma_18_3_141;3,447553353908007e-10
gamma_11_3_142;1,143973804573762e-10
gamma_13_3_142;1,075761701940792e-10
gamma_14_3_142;1,8033574633591348e-10
gamma_18_3_142;3,447553353908007e-10
gamma_16_3_143;2,151523403881584e-10
gamma_17_3_143;2,151523403881584e-10
gamma_12_3_144;1,1212364370294387e-10
gamma_13_3_144;1,075761701940792e-10
gamma_14_3_144;1,7237766769540036e-10
gamma_15_3_144;1,1212364370294387e-10
gamma_16_3_144;2,151523403881584e-10
gamma_17_3_144;2,151523403881584e-10
gamma_12_3_145;1,075761701940792e-10
gamma_14_3_145;1,7237766769540036e-10
gamma_16_3_145;2,151523403881584e-10
gamma_17_3_145;2,151523403881584e-10
gamma_18_3_145;3,447553353908007e-10
gamma_11_3_146;1,075761701940792e-10
gamma_12_3_146;1,075761701940792e-10
gamma_14_3_146;1,7237766769540036e-10
gamma_16_3_146;2,2424728740588775e-10
gamma_12_3_147;1,1212364370294387e-10
gamma_13_3_147;1,0530243343964687e-10
gamma_15_3_147;1,1212364370294387e-10
gamma_16_3_147;2,1060486687929375e-10
gamma_11_3_148;1,0530243343964687e-10
gamma_13_3_148;1,0530243343964687e-10
gamma_14_3_148;1,7351453607261652e-10
gamma_16_3_148;2,1060486687929375e-10
gamma_17_3_148;2,1060486687929375e-10
gamma_18_3_148;3,3793412512750375e-10
gamma_11_3_149;1,075761701940792e-10
gamma_16_3_149;2,2424728740588775e-10
gamma_17_3_149;2,2424728740588775e-10
gamma_11_3_150;1,1553424883459235e-10
gamma_12_3_150;1,075761701940792e-10
gamma_13_3_150;1,115552095143358e-10
gamma_15_3_150;1,075761701940792e-10
gamma_16_3_150;2,231104190286716e-10
gamma_17_3_150;2,231104190286716e-10
gamma_12_3_151;1,1212364370294387e-10
gamma_15_3_151;1,1212364370294387e-10
gamma_16_3_151;2,2424728740588775e-10
gamma_17_3_151;2,2424728740588775e-10
gamma_11_3_152;1,075761701940792e-10
gamma_12_3_152;1,143973804573762e-10
gamma_14_3_152;1,7919887795869732e-10
gamma_15_3_152;1,143973804573762e-10
gamma_16_3_152;2,2424728740588775e-10
gamma_18_3_152;3,5839775591739464e-10
gamma_13_3_153;1,1212364370294387e-10
gamma_14_3_153;1,7919887795869732e-10
gamma_16_3_153;2,2424728740588775e-10
gamma_18_3_153;3,5839775591739464e-10
gamma_12_3_154;1,1326051208016003e-10
gamma_14_3_154;1,7919887795869732e-10
gamma_16_3_154;2,2424728740588775e-10
gamma_17_3_154;2,2424728740588775e-10
gamma_11_3_155;1,075761701940792e-10
gamma_12_3_155;1,075761701940792e-10
gamma_14_3_155;1,7351453607261652e-10
gamma_15_3_155;1,075761701940792e-10
gamma_16_3_155;2,151523403881584e-10
gamma_11_3_156;2,0968116132280562e-10
gamma_12_3_156;2,0797585875698138e-10
gamma_13_3_156;2,102495955114137e-10
gamma_14_3_156;3,3864466786326385e-10
gamma_15_3_156;2,0797585875698138e-10
gamma_16_3_156;4,204991910228274e-10
gamma_17_3_156;4,204991910228274e-10
gamma_18_3_156;6,909317562531216e-10
gamma_11_3_157;2,0968116132280562e-10
gamma_13_3_157;2,0797585875698138e-10
gamma_15_3_157;2,0328627670096471e-10
gamma_16_3_157;4,1595171751396275e-10
gamma_17_3_157;4,1595171751396275e-10
gamma_18_3_157;6,852474143670408e-10
gamma_11_3_158;2,102495955114137e-10
gamma_13_3_158;2,102495955114137e-10
gamma_14_3_158;3,431921413721285e-10
gamma_15_3_158;2,102495955114137e-10
gamma_16_3_158;4,204991910228274e-10
gamma_17_3_158;4,204991910228274e-10
gamma_11_3_159;2,102495955114137e-10
gamma_12_3_159;2,0570212200254906e-10
gamma_14_3_159;3,454658781265608e-10
gamma_15_3_159;2,0570212200254906e-10
gamma_16_3_159;4,199307568342193e-10
gamma_18_3_159;6,841105459898247e-10
gamma_12_3_160;2,0911272713419754e-10
gamma_14_3_160;3,4205527299491233e-10
gamma_15_3_160;2,0911272713419754e-10
gamma_16_3_160;4,1822545426839507e-10
gamma_18_3_160;6,841105459898247e-10
gamma_11_3_161;2,0911272713419754e-10
gamma_12_3_161;2,102495955114137e-10
gamma_14_3_161;3,431921413721285e-10
gamma_16_3_161;4,204991910228274e-10
gamma_17_3_161;4,204991910228274e-10
h_21;100,0
